24.21;6.0425;1455.22;;;
27.01;6.0425;1399.42;;;
26.41;6.03;1402.11;;;
25.73;6.03;1403.45;;;
21.72;6.03;1441.47;;;
21.71;6.02625;1457.60;;;
22.50;6.03;1438.56;;;
22.84;6.03938;1432.25;;;
21.71;6.04;1449.68;;;
19.66;6.04;1465.15;;;
21.50;6.035;1455.14;;;
21.72;6.0375;1455.90;;;
21.75;6.04;1445.57;;;
20.82;6.04;1441.36;;;
24.07;6.04;1401.53;;;
23.02;6.04;1410.03;;;
23.03;6.04;1404.09;;;
23.54;6.04;1398.56;;;
26.14;6.04875;1360.16;;;
24.95;6.0775;1394.46;;;
23.45;6.09125;1409.28;;;
23.12;6.1;1409.12;;;
22.01;6.0975;1424.97;;;
21.54;6.09;1424.37;;;
22.79;6.1;1424.24;;;
21.25;6.1;1441.72;;;
22.90;6.1;1411.71;;;
23.07;6.09875;1416.83;;;
24.42;6.09625;1387.12;;;
24.38;6.09;1389.94;;;
22.92;6.09;1402.05;;;
23.51;6.09;1387.67;;;
23.17;6.09;1388.26;;;
26.00;6.11;1346.09;;;
25.86;6.11;1352.17;;;
23.89;6.11;1360.69;;;
24.38;6.11;1353.43;;;
25.20;6.10125;1333.36;;;
24.68;6.10125;1348.05;;;
23.37;6.10875;1366.42;;;
21.64;6.11;1379.19;;;
21.06;6.11875;1381.76;;;
19.21;6.12;1409.17;;;
21.50;6.12;1391.28;;;
24.31;6.12688;1355.62;;;
23.82;6.13;1366.70;;;
22.21;6.14;1401.69;;;
21.24;6.14375;1395.07;;;
22.85;6.15;1383.62;;;
24.41;6.16;1359.15;;;
22.34;6.1725;1392.14;;;
20.77;6.19125;1458.47;;;
22.37;6.21;1464.47;;;
22.96;6.22875;1456.63;;;
21.70;6.24125;1493.87;;;
21.49;6.24625;1500.64;;;
22.26;6.2475;1527.35;;;
23.31;6.255;1527.46;;;
24.53;6.28;1523.86;;;
24.86;6.28;1507.73;;;
24.10;6.28;1508.52;;;
25.47;6.29;1487.92;;;
24.11;6.29;1498.58;;;
24.03;6.29;1505.97;;;
27.12;6.29;1494.73;;;
28.41;6.27125;1487.37;;;
27.15;6.27125;1501.34;;;
24.39;6.28;1516.35;;;
25.99;6.28;1504.46;;;
27.25;6.28;1500.59;;;
28.98;6.28375;1467.17;;;
29.40;6.28125;1440.51;;;
33.49;6.28125;1356.56;;;
28.95;6.2825;1401.44;;;
26.12;6.2925;1441.61;;;
27.02;6.31;1427.47;;;
25.85;6.31813;1434.54;;;
27.37;6.31813;1429.86;;;
25.24;6.33375;1477.44;;;
26.97;6.375;1460.99;;;
26.19;6.39125;1464.92;;;
26.20;6.5025;1452.43;;;
25.88;6.5025;1468.25;;;
28.50;6.56875;1446.29;;;
31.63;6.6;1415.10;;;
30.77;6.6525;1409.57;;;
27.53;6.67;1432.63;;;
28.20;6.7;1424.17;;;
28.93;6.71875;1412.14;;;
29.87;6.72;1383.05;;;
27.76;6.72;1407.81;;;
26.05;6.73375;1420.96;;;
24.86;6.76;1452.36;;;
24.34;6.76125;1466.04;;;
23.98;6.80875;1447.80;;;
23.96;6.81875;1437.21;;;
25.44;6.82;1406.95;;;
26.00;6.82;1400.72;;;
25.87;6.82;1373.86;;;
24.32;6.82;1399.05;;;
24.58;6.8275;1381.52;;;
24.47;6.82625;1378.02;;;
23.62;6.84;1422.45;;;
23.65;6.8625;1420.60;;;
22.36;6.86875;1448.81;;;
21.48;6.85125;1477.26;;;
22.71;6.7925;1467.63;;;
23.05;6.79;1457.84;;;
22.48;6.7975;1471.36;;;
22.77;6.8;1461.67;;;
22.14;6.81;1456.95;;;
22.32;6.81;1446.00;;;
21.67;6.81;1469.44;;;
21.48;6.7925;1470.54;;;
20.68;6.7775;1478.73;;;
20.50;6.775;1464.46;;;
20.63;6.76188;1486.00;;;
20.88;6.76125;1475.95;;;
20.61;6.765;1479.13;;;
22.00;6.7725;1452.18;;;
22.34;6.77;1441.48;;;
22.45;6.77438;1455.31;;;
21.80;6.775;1450.55;;;
20.29;6.78;1454.82;;;
19.70;6.77875;1442.39;;;
19.54;6.76938;1454.60;;;
19.83;6.77;1469.54;;;
21.16;6.745;1446.23;;;
20.94;6.74;1456.67;;;
19.22;6.74375;1478.90;;;
20.33;6.73;1475.62;;;
20.11;6.73125;1480.88;;;
20.03;6.73125;1492.92;;;
20.03;6.73375;1495.84;;;
19.32;6.73;1509.98;;;
19.45;6.74;1510.49;;;
19.75;6.74;1493.74;;;
19.65;6.74;1481.96;;;
18.94;6.74;1495.57;;;
18.94;6.7175;1480.19;;;
19.92;6.71375;1464.29;;;
19.39;6.715;1474.47;;;
19.67;6.7125;1452.42;;;
19.60;6.7125;1449.62;;;
20.84;6.71125;1419.89;;;
20.74;6.72188;1430.83;;;
20.55;6.72;1438.10;;;
20.00;6.72;1438.70;;;
19.99;6.71375;1452.56;;;
18.62;6.71;1462.93;;;
19.03;6.69125;1479.32;;;
18.79;6.69;1482.80;;;
19.18;6.68813;1472.87;;;
19.19;6.68125;1460.25;;;
18.55;6.68;1471.84;;;
17.88;6.6875;1491.56;;;
17.98;6.69;1484.43;;;
18.02;6.69;1479.85;;;
17.48;6.69;1496.07;;;
17.05;6.69;1491.72;;;
17.35;6.69;1499.48;;;
17.47;6.69;1498.13;;;
17.38;6.69;1505.97;;;
17.04;6.68;1508.31;;;
16.53;6.68;1506.45;;;
16.54;6.68;1514.09;;;
16.89;6.68;1509.84;;;
17.69;6.68;1502.59;;;
16.84;6.68;1517.68;;;
17.53;6.6725;1520.77;;;
19.82;6.65313;1507.08;;;
20.79;6.65438;1492.25;;;
19.42;6.66;1502.51;;;
18.46;6.66;1494.50;;;
18.40;6.66;1489.26;;;
18.59;6.66;1481.99;;;
18.32;6.66;1484.91;;;
18.26;6.66;1480.87;;;
18.52;6.66;1465.81;;;
20.25;6.66;1444.51;;;
19.54;6.65875;1459.90;;;
19.93;6.66;1451.34;;;
20.18;6.66;1449.05;;;
20.74;6.66;1448.72;;;
21.41;6.66;1439.03;;;
21.88;6.66;1427.21;;;
21.67;6.66;1426.57;;;
19.47;6.815;1458.29;;;
20.57;6.81125;1436.51;;;
21.23;6.80438;1436.23;;;
21.85;6.8025;1426.46;;;
21.54;6.8025;1434.32;;;
21.03;6.8025;1436.28;;;
22.71;6.8025;1408.99;;;
24.02;6.8;1402.03;;;
24.86;6.80188;1387.02;;;
26.57;6.79875;1364.59;;;
30.51;6.79813;1329.78;;;
27.60;6.77063;1374.17;;;
26.79;6.77375;1374.62;;;
27.84;6.77;1349.97;;;
28.72;6.76;1342.13;;;
25.09;6.76;1388.76;;;
24.24;6.76125;1396.93;;;
24.69;6.76;1395.78;;;
24.28;6.76;1398.13;;;
26.65;6.76;1364.90;;;
28.62;6.75875;1364.44;;;
26.47;6.7575;1379.58;;;
25.46;6.75875;1398.66;;;
23.63;6.76;1429.40;;;
24.28;6.75875;1421.22;;;
23.92;6.75125;1428.32;;;
23.67;6.75063;1426.69;;;
24.52;6.75375;1432.19;;;
24.91;6.75813;1431.87;;;
25.66;6.75938;1409.28;;;
27.20;6.76;1400.14;;;
28.53;6.76;1365.98;;;
29.06;6.75938;1351.26;;;
26.81;6.75813;1382.95;;;
26.15;6.7575;1389.81;;;
25.05;6.75875;1372.32;;;
24.81;6.75063;1367.72;;;
27.43;6.75313;1342.62;;;
26.62;6.75063;1347.35;;;
27.71;6.75063;1322.36;;;
26.00;6.74875;1341.77;;;
26.93;6.74875;1348.97;;;
27.64;6.74875;1336.09;;;
27.49;6.73625;1341.93;;;
29.65;6.715;1314.95;;;
27.48;6.68625;1315.23;;;
27.78;6.68375;1324.97;;;
24.99;6.6775;1376.54;;;
25.07;6.6175;1351.46;;;
25.34;6.5775;1343.55;;;
22.41;6.57;1369.89;;;
23.51;6.58;1380.20;;;
24.88;6.58;1371.18;;;
23.63;6.58;1359.99;;;
24.86;6.5475;1340.93;;;
26.55;6.54938;1312.15;;;
27.70;6.53625;1322.74;;;
27.17;6.52;1305.60;;;
31.74;6.5;1264.74;;;
29.66;6.46375;1274.86;;;
27.55;6.45;1305.95;;;
28.73;6.45;1315.19;;;
28.14;6.43813;1328.92;;;
26.57;6.40125;1334.22;;;
26.85;6.39875;1320.28;;;
29.99;6.37125;1283.27;;;
26.60;6.28625;1347.56;;;
26.97;5.86625;1333.34;;;
28.67;5.695;1298.35;;;
29.84;5.61625;1295.86;;;
27.99;5.62375;1300.80;;;
26.80;5.65;1313.27;;;
25.79;5.67625;1326.82;;;
24.56;5.67875;1318.55;;;
25.28;5.73875;1326.65;;;
24.93;5.73875;1329.47;;;
23.37;5.64875;1347.97;;;
23.24;5.61125;1342.54;;;
23.25;5.58125;1342.90;;;
21.57;5.5725;1360.40;;;
22.03;5.61;1364.30;;;
22.64;5.5975;1357.51;;;
22.57;5.5675;1354.95;;;
22.61;5.5425;1364.17;;;
22.57;5.525;1373.73;;;
22.02;5.42125;1366.01;;;
21.66;5.39;1373.47;;;
21.95;5.3975;1349.47;;;
22.19;5.41;1354.31;;;
21.98;5.41;1352.26;;;
21.67;5.41;1340.89;;;
21.46;5.40875;1332.53;;;
22.03;5.41;1314.76;;;
21.92;5.3875;1330.31;;;
21.37;5.38875;1318.80;;;
21.52;5.4;1315.92;;;
20.27;5.4125;1326.61;;;
22.12;5.41;1301.53;;;
24.69;5.38;1278.94;;;
25.75;5.37;1255.27;;;
26.76;5.345;1252.82;;;
27.21;5.3;1245.86;;;
25.43;5.19375;1267.65;;;
26.49;5.10375;1257.94;;;
28.35;5.0525;1239.94;;;
28.08;5.08875;1241.23;;;
27.43;5.0825;1234.18;;;
27.12;5.08;1241.41;;;
25.89;5.09;1253.80;;;
24.12;5.07375;1261.89;;;
24.29;5.06;1264.74;;;
25.62;5.04;1233.42;;;
30.32;5.0575;1180.16;;;
27.55;5.03375;1197.66;;;
29.61;5.02;1166.71;;;
28.56;4.9425;1173.56;;;
29.91;4.9;1150.53;;;
29.78;4.88;1170.81;;;
30.96;4.88625;1142.62;;;
31.93;4.87;1122.14;;;
32.84;4.85625;1117.58;;;
30.45;4.86;1139.83;;;
29.04;4.86875;1152.69;;;
27.04;4.86;1182.17;;;
28.58;4.9025;1153.29;;;
29.17;4.87625;1147.95;;;
28.64;4.87875;1160.33;;;
31.21;4.84;1145.87;;;
34.72;4.84625;1106.46;;;
34.07;4.81;1103.25;;;
29.94;4.80375;1151.44;;;
31.69;4.80625;1128.43;;;
31.91;4.74125;1137.59;;;
29.44;4.74;1168.38;;;
28.46;4.76;1165.89;;;
26.12;4.77875;1183.50;;;
26.33;4.77875;1179.68;;;
25.61;4.80875;1191.81;;;
24.13;4.8275;1238.16;;;
24.16;4.41;1253.69;;;
25.38;4.4175;1242.98;;;
28.16;4.38375;1224.36;;;
28.49;4.36;1209.47;;;
27.40;4.34;1228.75;;;
25.96;4.34;1234.52;;;
24.02;4.31375;1253.05;;;
25.48;4.33625;1249.46;;;
24.20;4.34;1266.44;;;
24.23;4.3075;1267.43;;;
25.78;4.29875;1248.58;;;
23.91;4.27;1266.61;;;
24.86;4.27;1263.51;;;
24.44;4.09875;1261.20;;;
24.35;4.085;1255.54;;;
24.00;4.06;1255.18;;;
23.54;4.07;1245.67;;;
24.26;4.12125;1248.92;;;
23.71;4.10313;1249.44;;;
21.89;4.03;1284.99;;;
21.47;4.04;1288.49;;;
21.23;4.055;1291.96;;;
20.76;4.07625;1312.83;;;
21.35;4.075;1309.38;;;
22.08;4.07;1289.05;;;
20.57;4.05625;1293.17;;;
20.60;4.03;1277.89;;;
22.14;4;1267.93;;;
22.76;4;1248.08;;;
22.64;3.99;1255.82;;;
21.59;3.9425;1260.67;;;
21.38;3.94;1267.11;;;
19.58;3.94;1283.57;;;
20.39;3.9275;1270.03;;;
19.67;3.91813;1276.96;;;
19.92;3.91563;1264.96;;;
20.70;3.91;1254.39;;;
20.70;3.89875;1255.85;;;
21.45;3.89;1241.60;;;
23.12;3.8775;1219.87;;;
22.81;3.85125;1214.36;;;
23.17;3.78688;1208.43;;;
22.34;3.7575;1212.58;;;
21.71;3.75;1223.14;;;
19.38;3.73875;1237.04;;;
20.02;3.73;1225.35;;;
20.67;3.705;1218.60;;;
21.20;3.7;1216.76;;;
20.88;3.71;1211.07;;;
20.01;3.79;1226.20;;;
19.06;3.83625;1224.38;;;
18.76;3.83;1236.72;;;
18.92;3.82;1234.45;;;
20.09;3.82;1219.24;;;
21.63;3.81;1190.59;;;
22.48;3.79;1198.78;;;
23.25;3.79;1181.52;;;
24.01;3.76;1180.18;;;
22.09;3.77;1208.14;;;
21.14;3.75875;1215.68;;;
22.91;3.76;1202.45;;;
22.61;3.76;1214.44;;;
23.60;3.76;1207.71;;;
22.51;3.71;1215.02;;;
22.34;3.70875;1210.85;;;
23.74;3.7;1191.03;;;
25.24;3.7;1171.65;;;
24.00;3.7;1190.49;;;
23.01;3.705;1202.93;;;
22.00;3.69625;1205.82;;;
22.69;3.67875;1204.52;;;
21.62;3.67;1211.23;;;
20.56;3.65625;1215.93;;;
20.09;3.65;1220.75;;;
19.89;3.65625;1214.35;;;
21.89;3.65;1200.48;;;
21.01;3.64375;1204.40;;;
22.32;3.6375;1183.53;;;
21.75;3.595;1183.43;;;
20.55;3.58875;1190.16;;;
20.42;3.57;1191.29;;;
20.48;3.56;1186.73;;;
20.91;3.56;1178.02;;;
21.54;3.56125;1181.66;;;
23.84;3.5475;1161.97;;;
22.87;3.52875;1171.41;;;
24.40;3.5275;1157.26;;;
22.44;3.5125;1165.31;;;
22.23;3.5125;1162.09;;;
19.71;3.5175;1184.93;;;
20.56;3.5175;1179.21;;;
22.00;3.525;1161.51;;;
23.03;3.5;1148.56;;;
25.41;3.49;1129.03;;;
24.92;3.4625;1133.58;;;
25.85;3.46625;1132.94;;;
26.35;3.52;1131.74;;;
28.61;3.52;1106.40;;;
30.99;3.48625;1085.78;;;
31.84;3.36;1092.54;;;
41.76;3.11;1038.77;;;
38.87;2.965;1032.74;;;
40.56;2.78313;1016.10;;;
43.74;2.6025;984.54;;;
42.66;2.615;965.80;;;
37.75;2.6;1003.45;;;
35.81;2.6;1012.27;;;
35.26;2.59125;1007.04;;;
34.00;2.6;1018.61;;;
31.93;2.59;1040.94;;;
32.32;2.6;1038.55;;;
31.18;2.5925;1051.33;;;
31.34;2.5;1072.28;;;
31.97;2.5;1069.63;;;
33.39;2.48125;1071.38;;;
35.12;2.44;1062.44;;;
34.83;2.43125;1056.75;;;
31.60;2.43;1080.99;;;
31.50;2.43;1097.43;;;
35.27;2.45625;1091.65;;;
35.31;2.43125;1089.98;;;
32.88;2.42;1097.54;;;
35.08;2.41;1077.09;;;
34.95;2.39;1068.61;;;
34.11;2.36625;1073.48;;;
32.25;2.3525;1089.90;;;
32.00;2.35;1084.78;;;
30.95;2.33;1085.20;;;
29.46;2.31;1100.09;;;
28.42;2.28;1104.61;;;
31.64;2.27;1078.30;;;
33.46;2.23;1059.79;;;
33.56;2.2;1059.78;;;
32.31;2.21;1084.10;;;
30.71;2.2;1087.20;;;
30.50;2.165;1102.84;;;
28.80;2.135;1118.86;;;
29.13;2;1115.80;;;
28.62;1.99875;1118.54;;;
27.44;2.01625;1120.31;;;
29.35;2.025;1118.33;;;
26.47;2.01125;1139.09;;;
26.56;2.02125;1141.21;;;
25.56;2.1;1142.24;;;
25.07;2.13875;1138.65;;;
24.46;2.15;1151.06;;;
24.12;2.11313;1142.66;;;
24.19;2.13;1137.03;;;
23.25;2.15625;1150.34;;;
23.79;2.15563;1157.42;;;
24.00;2.1675;1149.50;;;
25.90;2.09625;1128.52;;;
25.18;2.08125;1140.20;;;
23.84;2.03188;1139.45;;;
25.77;2.0075;1129.90;;;
24.08;2;1144.80;;;
23.02;1.98125;1170.35;;;
23.71;2.02;1167.10;;;
23.49;2.00375;1158.31;;;
25.62;1.93;1139.93;;;
25.30;1.9;1136.76;;;
24.87;1.86313;1137.07;;;
25.91;1.87;1119.38;;;
24.63;1.895;1123.09;;;
24.26;1.90125;1134.36;;;
23.29;1.91;1142.92;;;
22.58;1.9025;1149.56;;;
23.67;1.9025;1139.93;;;
22.50;1.9;1144.89;;;
22.62;1.90375;1144.65;;;
22.29;1.90375;1149.37;;;
21.59;1.90875;1157.13;;;
21.40;1.88125;1161.02;;;
23.80;1.88125;1148.08;;;
22.71;1.86375;1154.67;;;
21.34;1.87563;1165.27;;;
20.45;1.87;1172.51;;;
21.94;1.87;1164.89;;;
21.83;1.8425;1160.71;;;
22.13;1.84375;1155.14;;;
22.36;1.83125;1156.55;;;
22.60;1.82688;1145.60;;;
23.58;1.72375;1138.41;;;
22.70;1.72375;1146.19;;;
23.45;1.71563;1127.57;;;
22.25;1.74;1138.88;;;
22.52;1.77;1127.58;;;
23.61;1.8;1119.31;;;
21.88;1.8;1128.18;;;
21.15;1.81;1132.15;;;
21.01;1.87;1133.28;;;
21.14;1.87;1133.06;;;
24.35;1.87;1100.64;;;
23.22;1.86;1113.57;;;
21.09;1.88;1130.20;;;
21.12;1.92;1122.20;;;
24.87;1.90875;1094.44;;;
25.45;1.9;1090.02;;;
26.09;1.9;1083.51;;;
25.11;1.9;1080.17;;;
23.26;1.9;1096.22;;;
21.78;1.8925;1111.94;;;
21.62;1.89;1107.50;;;
20.85;1.9;1118.51;;;
21.77;1.91;1116.48;;;
22.37;1.91;1104.18;;;
24.43;1.90125;1083.34;;;
22.66;1.9025;1097.98;;;
23.80;1.91;1080.95;;;
22.86;1.90125;1089.84;;;
21.84;1.90125;1109.43;;;
21.68;1.90125;1109.38;;;
21.49;1.91125;1109.89;;;
21.59;1.9;1106.73;;;
19.96;1.90125;1131.78;;;
20.50;1.92;1153.84;;;
20.30;1.92;1146.14;;;
19.94;1.92;1162.77;;;
20.04;1.92125;1157.54;;;
19.27;1.96;1164.31;;;
19.84;2;1168.26;;;
19.59;2;1165.58;;;
19.46;2;1154.09;;;
19.20;1.99;1153.04;;;
18.42;2.01;1166.16;;;
18.93;2.01;1165.55;;;
18.16;2.01;1170.29;;;
18.46;1.99375;1151.85;;;
18.15;2.01875;1153.59;;;
17.77;2.03;1148.70;;;
18.48;2.0375;1131.87;;;
18.13;2.0475;1138.49;;;
17.70;2.0375;1144.58;;;
17.40;2.03;1147.39;;;
18.73;2.03;1146.54;;;
19.16;2.04;1136.76;;;
20.20;2.02625;1125.40;;;
19.78;2.0125;1126.34;;;
19.13;2.01;1122.73;;;
19.61;1.98625;1125.29;;;
19.47;1.99;1117.80;;;
18.19;1.98;1130.47;;;
20.30;1.98;1103.69;;;
19.42;1.98;1111.01;;;
19.82;1.97;1102.55;;;
18.11;1.97;1128.37;;;
18.43;1.97;1126.07;;;
19.29;1.94875;1124.47;;;
18.30;1.94;1125.17;;;
19.77;1.94;1107.83;;;
20.28;1.94;1100.96;;;
20.77;1.94;1093.14;;;
20.95;1.92875;1091.48;;;
22.14;1.92125;1076.32;;;
24.05;1.9125;1065.45;;;
21.91;1.92;1076.92;;;
20.06;1.92;1086.46;;;
20.07;1.92;1084.56;;;
20.19;1.92;1073.43;;;
22.56;1.92;1052.67;;;
21.94;1.9;1049.49;;;
20.39;1.89625;1088.85;;;
21.56;1.915;1073.01;;;
22.41;1.9;1054.99;;;
20.72;1.9;1074.56;;;
19.35;1.9;1097.28;;;
19.19;1.92;1091.07;;;
18.50;1.91;1098.23;;;
17.70;1.9025;1106.59;;;
19.24;1.9075;1091.88;;;
20.05;1.9;1079.88;;;
19.58;1.89625;1086.02;;;
18.23;1.9;1097.08;;;
18.90;1.9;1083.82;;;
20.31;1.9;1074.55;;;
20.39;1.89875;1067.66;;;
20.61;1.8975;1064.66;;;
19.98;1.89625;1067.14;;;
23.37;1.89625;1040.68;;;
23.89;0;1040.69;;;
22.61;1.89125;1049.90;;;
24.16;1.89;1029.15;;;
23.51;1.89;1027.53;;;
23.72;1.89;1030.74;;;
24.45;1.89;1013.60;;;
24.15;1.88688;1020.26;;;
25.02;1.88688;1009.56;;;
25.96;1.87938;1007.27;;;
24.64;1.87875;1036.17;;;
24.24;1.88;1037.14;;;
26.06;1.87438;1019.99;;;
27.48;1.87;1006.29;;;
27.23;1.87438;989.14;;;
26.98;1.87;992.72;;;
27.84;1.87;976.14;;;
28.42;1.855;973.53;;;
26.29;1.86;990.64;;;
25.40;1.86;989.82;;;
27.11;1.86;968.65;;;
28.96;1.86;948.09;;;
29.42;1.86;953.99;;;
27.11;1.86;989.03;;;
28.25;1.86;976.98;;;
30.22;1.86;952.83;;;
34.10;1.86;920.47;;;
33.85;1.86;927.37;;;
32.94;1.86;921.39;;;
35.03;1.86;917.93;;;
36.65;1.855;900.94;;;
35.45;1.86;906.04;;;
35.12;1.86;881.56;;;
38.17;1.86;847.75;;;
41.87;1.85438;819.85;;;
44.92;1.85125;797.70;;;
39.86;1.82;843.43;;;
39.27;1.8275;838.68;;;
35.51;1.81;852.84;;;
31.33;1.81;898.96;;;
31.92;1.8225;902.78;;;
32.03;1.82375;911.62;;;
36.95;1.8125;884.66;;;
41.29;1.8;864.24;;;
45.08;1.77;834.60;;;
42.03;1.7575;859.57;;;
38.73;1.76;876.77;;;
36.33;1.7425;905.46;;;
35.33;1.7525;908.64;;;
37.05;1.75;903.80;;;
35.82;1.75;884.21;;;
32.36;1.73313;919.62;;;
29.43;1.7575;930.25;;;
28.81;1.76;928.77;;;
28.61;1.77;950.70;;;
29.59;1.77;937.43;;;
28.23;1.77;949.36;;;
27.75;1.78;962.70;;;
29.32;1.79625;940.86;;;
29.89;1.79625;947.95;;;
30.11;1.8;934.82;;;
33.32;1.82;917.87;;;
33.67;1.81375;917.80;;;
32.64;1.80625;916.07;;;
39.97;1.80188;878.02;;;
37.44;1.7825;893.40;;;
38.86;1.78;879.15;;;
36.33;1.775;893.92;;;
36.45;1.80125;902.96;;;
35.08;1.81625;909.58;;;
34.81;1.81938;909.45;;;
37.50;1.82625;886.91;;;
35.82;1.82;889.81;;;
36.74;1.82;891.10;;;
38.01;1.83;873.52;;;
37.52;1.82;869.46;;;
40.65;1.82;843.32;;;
38.98;1.8;845.39;;;
39.68;1.79625;833.70;;;
40.52;1.79438;819.29;;;
37.33;1.79063;839.66;;;
34.60;1.79813;854.95;;;
36.97;1.80625;827.37;;;
39.69;1.79;815.28;;;
34.12;1.76188;847.91;;;
36.83;1.77;827.91;;;
37.31;1.76;818.95;;;
39.46;1.76;800.58;;;
42.64;1.76;785.28;;;
41.02;1.76563;798.55;;;
42.13;1.77;776.76;;;
37.55;1.76375;803.92;;;
35.70;1.775;835.32;;;
36.04;1.78;841.44;;;
34.02;1.8025;881.27;;;
36.00;1.8225;860.02;;;
34.10;1.84;879.20;;;
33.53;1.8275;884.39;;;
33.11;1.82625;899.72;;;
34.09;1.84;890.16;;;
33.20;1.83875;896.14;;;
34.03;1.83;882.50;;;
30.00;1.82;897.65;;;
31.07;1.7775;890.23;;;
32.27;1.76;882.15;;;
31.23;1.70688;890.71;;;
31.14;1.68625;885.76;;;
29.30;1.65875;900.96;;;
30.82;1.63375;908.35;;;
31.23;1.62;915.39;;;
30.73;1.61;923.76;;;
31.42;1.395;902.65;;;
29.41;1.395;894.74;;;
31.30;1.3975;876.19;;;
30.58;1.4;882.95;;;
31.24;1.4;882.53;;;
28.67;1.405;904.27;;;
26.65;1.42031;909.83;;;
27.66;1.42;900.36;;;
27.41;1.42;896.74;;;
25.32;1.42;914.15;;;
23.81;1.42375;933.76;;;
23.16;1.42625;930.55;;;
24.07;1.43;932.87;;;
25.97;1.4275;913.31;;;
27.25;1.42;938.87;;;
27.50;1.425;936.31;;;
27.46;1.4225;934.53;;;
28.33;1.42125;920.75;;;
28.92;1.42;917.58;;;
30.10;1.42;906.55;;;
28.88;1.42;912.23;;;
30.78;1.41125;892.00;;;
28.76;1.41;904.45;;;
27.76;1.41;904.96;;;
27.29;1.41;901.58;;;
28.18;1.41;889.48;;;
26.24;1.41;910.40;;;
26.66;1.41;902.99;;;
28.29;1.41;891.12;;;
30.21;1.4;884.25;;;
26.71;1.4;895.76;;;
26.20;1.4;897.38;;;
26.49;1.4;892.47;;;
27.37;1.4;889.66;;;
29.55;1.4;875.40;;;
29.62;1.38;879.39;;;
28.62;1.38;879.82;;;
25.39;1.38;909.03;;;
24.68;1.39;908.59;;;
24.91;1.38875;929.01;;;
25.13;1.3875;922.93;;;
25.53;1.38;909.93;;;
24.25;1.38;927.57;;;
24.32;1.38;927.57;;;
24.90;1.37563;926.26;;;
24.57;1.37313;931.66;;;
25.51;1.37;918.22;;;
25.01;1.37;914.60;;;
25.70;1.36875;901.78;;;
27.59;1.3625;887.62;;;
29.01;1.36;878.36;;;
27.53;1.3525;887.34;;;
31.51;1.34938;861.40;;;
34.69;1.34125;847.48;;;
31.93;1.34;858.54;;;
31.26;1.34;864.36;;;
31.32;1.35;844.61;;;
31.17;1.35;855.70;;;
31.02;1.35;860.32;;;
32.76;1.35;848.20;;;
33.04;1.34875;843.59;;;
33.35;1.35;838.15;;;
34.01;1.35;829.69;;;
33.99;1.34938;835.97;;;
33.68;1.35;829.20;;;
34.33;1.34;818.68;;;
33.70;1.34;817.37;;;
32.62;1.34;834.89;;;
31.11;1.34;851.17;;;
31.31;1.34;845.13;;;
31.16;1.34;837.10;;;
30.25;1.34;848.17;;;
31.98;1.34;832.58;;;
31.74;1.34;838.57;;;
31.94;1.34;827.55;;;
30.53;1.33875;837.28;;;
29.63;1.34;841.15;;;
30.43;1.33875;834.81;;;
31.83;1.33063;821.99;;;
30.38;1.3225;829.85;;;
31.37;1.3175;822.10;;;
31.08;1.31469;828.89;;;
33.31;1.2625;807.48;;;
33.61;1.23125;800.73;;;
33.51;1.23;804.19;;;
31.76;1.25875;831.90;;;
30.98;1.27875;833.27;;;
31.75;1.26063;862.79;;;
30.43;1.27;866.45;;;
31.54;1.28625;874.02;;;
30.44;1.29;875.67;;;
28.67;1.29;895.79;;;
30.39;1.29;864.23;;;
28.75;1.29;874.74;;;
28.23;1.29;869.95;;;
27.96;1.29;868.52;;;
27.75;1.29;863.50;;;
29.15;1.27875;848.18;;;
28.36;1.2775;858.48;;;
28.02;1.28;880.90;;;
28.21;1.27875;876.45;;;
29.13;1.2775;878.85;;;
28.45;1.29;879.93;;;
27.13;1.29;878.29;;;
27.11;1.28625;865.99;;;
25.60;1.28;871.58;;;
24.44;1.28875;868.30;;;
23.41;1.30125;885.23;;;
22.56;1.32;890.81;;;
22.52;1.32938;879.91;;;
21.50;1.32;893.58;;;
21.95;1.32;892.01;;;
20.70;1.32;911.37;;;
20.80;1.32;919.02;;;
20.33;1.32;911.43;;;
20.80;1.31125;898.81;;;
20.84;1.29875;914.84;;;
20.76;1.31;917.84;;;
21.21;1.31;916.92;;;
21.59;1.3;916.30;;;
20.63;1.29;930.08;;;
21.13;1.29;926.55;;;
20.80;1.29;934.39;;;
21.00;1.28;929.62;;;
21.24;1.28125;920.27;;;
19.69;1.29;933.41;;;
19.52;1.29;945.11;;;
19.91;1.29;942.30;;;
20.00;1.29;939.28;;;
19.24;1.29;946.67;;;
18.40;1.29;944.30;;;
20.51;1.27875;920.77;;;
21.29;1.28;919.73;;;
21.21;1.27;923.42;;;
19.78;1.28;931.87;;;
19.17;1.28;933.22;;;
19.99;1.28;951.48;;;
20.03;1.28;953.22;;;
20.43;1.28;949.64;;;
19.47;1.28;963.59;;;
20.85;1.28;967.00;;;
20.84;1.28;971.56;;;
20.62;1.2575;986.24;;;
20.83;1.24;990.14;;;
21.25;1.20688;987.76;;;
22.15;1.2;975.93;;;
20.64;1.18;984.84;;;
20.21;1.14;997.48;;;
20.41;1.11875;998.51;;;
20.66;1.0875;988.61;;;
20.22;1.06;1010.74;;;
20.01;1.055;1011.66;;;
19.76;1.065;1010.09;;;
19.80;1.0275;994.70;;;
19.14;1.02;995.69;;;
20.58;1.01625;981.64;;;
20.75;1.00875;983.45;;;
20.81;1;975.32;;;
19.40;1.1;985.82;;;
19.16;1.11375;976.22;;;
19.52;1.11625;974.50;;;
19.46;1.11;982.32;;;
19.03;1.11;993.75;;;
19.39;1.11;985.70;;;
20.06;1.11;1004.42;;;
19.48;1.11;1007.84;;;
18.93;1.11;1002.21;;;
19.19;1.11;988.70;;;
18.47;1.10563;998.14;;;
19.59;1.10313;1003.86;;;
19.55;1.1;1000.42;;;
19.76;1.11;994.09;;;
20.22;1.11;981.73;;;
19.11;1.11;993.32;;;
19.78;1.11;978.80;;;
19.17;1.11;988.11;;;
18.64;1.11;988.61;;;
18.60;1.11;981.60;;;
17.75;1.11;998.68;;;
18.36;1.11;996.52;;;
18.67;1.11;989.28;;;
18.85;1.11625;987.49;;;
19.49;1.11438;990.31;;;
20.75;1.14125;980.15;;;
21.27;1.14;982.82;;;
22.68;1.13875;965.46;;;
21.50;1.14;967.08;;;
20.26;1.13688;974.12;;;
19.59;1.13;977.59;;;
19.75;1.13;980.59;;;
17.94;1.13;990.35;;;
18.77;1.13;984.03;;;
18.47;1.13;990.51;;;
18.27;1.13;990.67;;;
18.18;1.13;999.74;;;
17.86;1.13;1002.35;;;
17.82;1.13;1000.30;;;
17.84;1.13;1003.27;;;
18.55;1.14;993.06;;;
19.53;1.14;993.71;;;
19.49;1.14;996.73;;;
19.13;1.14;996.79;;;
18.48;1.14;1002.84;;;
18.63;1.14;1008.01;;;
19.02;1.14;1021.99;;;
19.44;1.14563;1026.27;;;
18.71;1.14625;1027.97;;;
18.17;1.14219;1021.39;;;
18.26;1.14;1031.64;;;
18.85;1.14;1023.17;;;
20.01;1.14;1010.92;;;
19.25;1.14;1016.42;;;
18.68;1.14;1018.63;;;
19.28;1.14;1014.81;;;
18.03;1.14;1029.32;;;
18.15;1.14;1025.97;;;
17.57;1.14;1039.58;;;
17.54;1.14;1036.30;;;
19.65;1.14;1022.82;;;
19.47;1.14;1029.03;;;
21.22;1.14;1009.38;;;
22.26;1.14;1003.27;;;
22.23;1.14;996.85;;;
21.67;1.16;1006.58;;;
22.72;1.16;995.97;;;
21.07;1.15;1018.22;;;
20.80;1.15;1020.24;;;
19.50;1.15;1029.85;;;
19.51;1.15;1034.35;;;
19.41;1.15;1039.25;;;
19.18;1.15;1033.78;;;
18.82;1.15;1038.73;;;
18.45;1.15;1038.06;;;
17.55;1.15;1045.35;;;
17.37;1.15;1049.48;;;
17.69;1.15625;1046.76;;;
17.19;1.16;1050.07;;;
17.62;1.17;1039.32;;;
17.04;1.17;1044.68;;;
16.55;1.17;1046.03;;;
17.67;1.17;1030.36;;;
17.68;1.16063;1033.77;;;
17.71;1.16313;1028.91;;;
18.05;1.16125;1031.13;;;
16.82;1.16938;1046.79;;;
16.43;1.16;1048.11;;;
16.33;1.1625;1046.94;;;
16.10;1.16938;1050.71;;;
16.55;1.17;1059.02;;;
16.55;1.17;1053.25;;;
16.86;1.17;1051.81;;;
16.74;1.17;1058.05;;;
16.93;1.17063;1053.21;;;
17.62;1.18;1047.11;;;
17.54;1.18;1046.57;;;
16.75;1.18;1058.53;;;
16.47;1.18;1058.41;;;
16.94;1.17125;1050.35;;;
18.60;1.17;1043.63;;;
19.11;1.17;1034.15;;;
18.80;1.17;1042.44;;;
19.48;1.17;1033.65;;;
18.98;1.17;1035.28;;;
17.44;1.17;1052.08;;;
16.71;1.17;1053.89;;;
16.23;1.17;1058.45;;;
16.32;1.17188;1058.20;;;
16.77;1.17813;1070.12;;;
16.27;1.18;1066.62;;;
16.63;1.18;1064.73;;;
16.30;1.18;1069.72;;;
17.09;1.18;1061.50;;;
16.54;1.17125;1069.30;;;
17.63;1.17;1060.18;;;
17.87;1.17;1059.05;;;
16.73;1.17;1071.21;;;
16.41;1.16813;1074.14;;;
17.23;1.17;1068.04;;;
15.93;1.17;1075.13;;;
15.58;1.17;1076.48;;;
16.16;1.17;1089.18;;;
16.42;1.17;1088.66;;;
16.94;1.17;1092.94;;;
16.49;1.17;1096.02;;;
16.66;1.17;1094.04;;;
17.45;1.17;1095.89;;;
17.09;1.1625;1109.48;;;
17.68;1.155;1109.64;;;
18.31;1.15188;1111.92;;;
18.22;1.15;1108.48;;;
17.49;1.15;1122.22;;;
16.73;1.15;1123.67;;;
15.50;1.14;1126.33;;;
15.61;1.14;1131.92;;;
16.75;1.14;1121.86;;;
16.82;1.12;1127.23;;;
18.04;1.12;1121.22;;;
16.75;1.12;1130.52;;;
15.56;1.12;1132.05;;;
15.00;1.12;1139.83;;;
15.21;1.12;1138.77;;;
14.34;1.12;1147.62;;;
14.71;1.12;1143.94;;;
14.84;1.12;1141.55;;;
14.55;1.12;1155.37;;;
15.35;1.12;1144.05;;;
16.78;1.12;1128.48;;;
17.14;1.13125;1134.11;;;
16.63;1.13;1131.13;;;
17.11;1.13;1135.26;;;
17.34;1.13;1136.03;;;
17.87;1.13;1126.52;;;
17.71;1.13;1128.59;;;
16.00;1.13;1142.76;;;
16.39;1.13;1139.81;;;
15.94;1.13;1145.54;;;
15.39;1.13;1157.76;;;
15.31;1.12188;1152.11;;;
15.58;1.12;1145.81;;;
15.40;1.12;1156.99;;;
15.59;1.12;1151.82;;;
15.80;1.12;1147.06;;;
16.04;1.12;1144.11;;;
16.29;1.12;1140.99;;;
15.90;1.12;1139.09;;;
14.93;1.12;1143.67;;;
14.83;1.12;1144.91;;;
14.55;1.12;1144.94;;;
14.44;1.12;1155.97;;;
14.86;1.12;1149.10;;;
14.55;1.12;1151.03;;;
14.40;1.12;1154.87;;;
14.48;1.12;1156.86;;;
15.79;1.11;1147.20;;;
16.60;1.11;1140.58;;;
18.67;1.11;1123.89;;;
20.67;1.11;1106.78;;;
18.30;1.11;1120.57;;;
21.13;1.11;1104.49;;;
20.34;1.11;1110.70;;;
18.11;1.11;1123.75;;;
18.53;1.11;1122.32;;;
19.15;1.11;1109.78;;;
21.58;1.11;1095.40;;;
20.67;1.11;1093.95;;;
19.81;1.11;1091.33;;;
17.88;1.11;1109.19;;;
17.33;1.11;1108.06;;;
16.50;1.11;1122.47;;;
16.28;1.11;1127.00;;;
16.74;1.11;1126.21;;;
16.65;1.11;1132.17;;;
15.64;1.11;1141.81;;;
14.97;1.14;1150.57;;;
15.32;1.14;1148.16;;;
15.76;1.14;1140.53;;;
16.26;1.14;1139.32;;;
15.28;1.14;1145.20;;;
17.26;1.14;1129.44;;;
15.62;1.14188;1128.17;;;
15.74;1.15;1128.84;;;
14.94;1.15;1134.61;;;
15.42;1.14938;1135.82;;;
16.67;1.15;1118.15;;;
15.60;1.16875;1124.09;;;
14.61;1.17;1139.93;;;
14.01;1.17;1140.60;;;
14.77;1.17;1135.53;;;
15.07;1.17;1138.11;;;
16.29;1.17;1122.41;;;
16.60;1.17875;1113.89;;;
17.19;1.18;1107.30;;;
16.62;1.18;1117.49;;;
16.55;1.18;1119.55;;;
15.77;1.18;1121.53;;;
17.05;1.18;1113.99;;;
18.13;1.19;1098.70;;;
19.77;1.24;1087.12;;;
18.57;1.24;1095.45;;;
18.14;1.24;1097.28;;;
18.86;1.25;1096.44;;;
18.47;1.26;1095.70;;;
19.96;1.25813;1084.10;;;
19.33;1.26;1091.49;;;
18.93;1.27;1088.68;;;
18.67;1.28;1089.19;;;
18.49;1.28;1093.56;;;
18.08;1.29;1095.41;;;
15.96;1.29;1113.05;;;
15.97;1.3;1114.94;;;
15.28;1.31;1121.28;;;
15.50;1.315;1120.68;;;
16.30;1.32688;1121.20;;;
16.08;1.34;1124.99;;;
17.03;1.36;1116.64;;;
16.78;1.37375;1122.50;;;
15.39;1.4;1140.42;;;
15.01;1.41;1142.18;;;
15.39;1.4275;1131.33;;;
15.04;1.46875;1136.47;;;
16.07;1.54125;1125.29;;;
15.05;1.56;1132.01;;;
14.79;1.53375;1133.56;;;
15.15;1.55;1132.05;;;
14.99;1.55;1135.02;;;
15.26;1.55938;1130.30;;;
14.31;1.55938;1134.41;;;
13.98;1.57;1144.06;;;
14.81;1.58625;1140.65;;;
15.19;1.58;1134.43;;;
16.07;1.58625;1133.35;;;
15.47;1.6;1136.20;;;
14.34;1.61;1140.84;;;
15.20;1.6;1128.94;;;
15.08;1.6;1125.38;;;
16.25;1.58;1116.21;;;
15.81;1.58125;1118.33;;;
16.20;1.59;1109.11;;;
15.78;1.59;1112.81;;;
14.96;1.6;1114.35;;;
14.46;1.6;1115.14;;;
13.76;1.61;1111.47;;;
14.71;1.62;1106.69;;;
14.34;1.63;1101.39;;;
15.17;1.63;1100.90;;;
14.17;1.6325;1108.67;;;
16.41;1.65;1093.88;;;
15.75;1.66;1096.84;;;
16.50;1.66;1086.20;;;
17.30;1.66188;1084.07;;;
16.55;1.67;1094.83;;;
16.15;1.68;1095.42;;;
15.68;1.69375;1100.43;;;
15.32;1.7;1101.72;;;
15.37;1.69;1106.62;;;
16.03;1.7;1099.69;;;
16.21;1.7;1098.63;;;
18.32;1.71;1080.70;;;
19.34;1.71;1063.97;;;
18.89;1.67;1065.22;;;
17.47;1.68;1079.04;;;
18.04;1.71;1075.79;;;
19.08;1.71125;1063.23;;;
17.98;1.72;1064.80;;;
17.57;1.72;1079.34;;;
17.02;1.73;1081.71;;;
16.23;1.73;1095.17;;;
16.96;1.74;1091.23;;;
16.00;1.74;1098.35;;;
15.88;1.75;1095.68;;;
15.33;1.76;1096.19;;;
14.98;1.77;1104.96;;;
14.91;1.78125;1105.09;;;
14.71;1.79;1107.77;;;
15.44;1.79;1099.15;;;
15.29;1.8;1104.24;;;
14.91;1.8;1105.91;;;
14.28;1.81;1118.31;;;
13.91;1.82;1113.63;;;
14.07;1.86;1121.30;;;
14.06;1.8625;1116.27;;;
14.01;1.87;1118.38;;;
13.76;1.87438;1123.92;;;
13.17;1.88;1125.82;;;
13.56;1.88;1128.33;;;
14.64;1.88813;1120.37;;;
14.39;1.91;1123.50;;;
14.03;1.91;1128.55;;;
14.43;1.91875;1122.20;;;
13.66;1.93;1129.30;;;
14.74;1.94125;1113.56;;;
14.80;1.95;1108.36;;;
14.28;1.96;1110.11;;;
14.62;1.97;1103.52;;;
13.83;1.975;1110.06;;;
13.21;2.00563;1114.80;;;
13.34;2.02;1114.58;;;
12.75;2.0275;1131.50;;;
13.41;2.03125;1135.17;;;
13.95;2.04;1134.48;;;
13.28;2.045;1142.05;;;
14.50;2.06;1130.65;;;
15.05;2.06;1122.14;;;
14.71;2.0525;1124.39;;;
15.05;2.05813;1121.84;;;
15.42;2.07;1113.65;;;
16.43;2.07;1103.29;;;
15.04;2.07;1108.20;;;
14.71;2.07875;1114.02;;;
15.13;2.08;1103.23;;;
14.85;2.09;1103.66;;;
14.54;2.1;1106.49;;;
15.28;2.11;1095.74;;;
16.58;2.11;1094.80;;;
16.39;2.11938;1111.09;;;
15.72;2.13;1125.40;;;
15.39;2.16;1127.44;;;
16.27;2.17;1130.20;;;
16.27;2.18;1130.51;;;
16.18;2.19;1130.56;;;
14.04;2.2;1143.20;;;
13.97;2.21;1161.67;;;
13.84;2.22;1166.17;;;
13.80;2.26;1164.89;;;
13.61;2.27375;1164.08;;;
13.08;2.27625;1162.91;;;
13.04;2.29;1173.48;;;
13.33;2.29;1184.17;;;
13.38;2.3;1183.81;;;
13.21;2.31;1175.43;;;
13.21;2.33;1181.94;;;
12.98;2.33875;1183.55;;;
13.50;2.345;1170.34;;;
12.97;2.36;1177.24;;;
12.67;2.38;1176.94;;;
12.72;2.38063;1181.76;;;
12.78;2.4;1182.65;;;
13.30;2.4;1178.57;;;
13.24;2.41;1173.82;;;
12.97;2.41875;1191.37;;;
12.98;2.4375;1190.33;;;
12.96;2.44;1191.17;;;
13.19;2.44;1190.25;;;
13.67;2.45;1177.07;;;
13.19;2.46;1182.81;;;
12.88;2.47;1189.24;;;
12.76;2.48;1188.00;;;
12.54;2.49;1198.68;;;
12.73;2.5;1203.38;;;
12.35;2.50125;1205.72;;;
12.27;2.51;1203.21;;;
11.95;2.52;1194.20;;;
11.83;2.52125;1194.65;;;
11.55;2.53;1205.45;;;
11.45;2.53;1209.57;;;
11.23;2.54875;1210.13;;;
12.14;2.54875;1204.92;;;
12.00;0;1213.54;;;
11.62;2.56;1213.45;;;
12.56;2.56;1213.55;;;
13.29;2.56438;1211.92;;;
14.08;2.56438;1202.08;;;
13.98;2.57;1188.05;;;
14.09;2.59;1183.74;;;
13.58;2.61;1187.89;;;
13.49;2.61;1186.19;;;
13.23;2.62;1190.25;;;
13.19;2.63;1182.99;;;
12.56;2.64;1187.70;;;
12.84;2.66;1177.45;;;
12.43;2.66;1184.52;;;
12.47;2.67;1195.98;;;
13.18;2.68;1184.63;;;
13.83;2.6925;1175.41;;;
14.36;2.7;1167.87;;;
14.65;2.7;1163.75;;;
14.06;2.7;1168.41;;;
13.44;2.71;1174.07;;;
13.24;2.73;1174.55;;;
13.24;2.7425;1171.36;;;
12.82;2.75;1181.27;;;
12.03;2.75;1189.41;;;
11.66;2.75;1193.19;;;
11.79;2.77;1189.89;;;
11.21;2.77;1203.03;;;
11.73;2.77;1201.72;;;
11.60;2.77063;1202.30;;;
12.00;2.77438;1191.99;;;
11.51;2.79;1197.01;;;
11.43;2.79438;1205.30;;;
11.52;2.8;1206.14;;;
11.27;2.81;1210.12;;;
11.10;2.82;1210.34;;;
11.77;2.8475;1200.75;;;
11.18;2.85;1201.59;;;
13.14;2.87;1184.16;;;
12.39;2.87313;1190.80;;;
11.57;2.89;1200.20;;;
11.49;2.91;1211.37;;;
12.08;2.92;1203.60;;;
12.04;2.93;1210.41;;;
12.50;2.94;1210.08;;;
12.93;2.95;1210.47;;;
11.94;2.95875;1222.12;;;
12.26;2.96;1225.31;;;
12.40;2.97;1219.43;;;
12.70;2.98;1207.01;;;
12.49;3;1209.25;;;
12.80;3.01;1200.08;;;
12.39;3.02;1206.83;;;
13.15;3.03;1197.75;;;
13.49;3.04;1188.07;;;
13.29;3.05;1190.21;;;
13.14;3.05;1189.65;;;
13.61;3.0525;1183.78;;;
14.27;3.06;1171.71;;;
14.06;3.09;1172.53;;;
13.42;3.09;1171.42;;;
13.75;3.09;1174.28;;;
14.49;3.0925;1165.36;;;
13.64;3.1;1181.41;;;
14.02;3.12;1180.59;;;
14.09;3.12;1172.92;;;
14.11;3.12;1176.12;;;
13.68;3.1225;1181.39;;;
13.15;3.12313;1184.07;;;
12.33;3.13;1191.14;;;
12.62;3.13;1181.20;;;
11.98;3.14;1181.21;;;
11.30;3.14;1187.76;;;
13.31;3.14063;1173.79;;;
14.53;3.15;1162.05;;;
17.74;3.15;1142.62;;;
16.56;3.14475;1145.98;;;
14.96;3.15;1152.78;;;
16.92;3.15;1137.50;;;
14.41;3.16063;1159.95;;;
15.38;3.17;1152.12;;;
14.62;3.18;1162.10;;;
14.91;3.18688;1151.83;;;
14.87;3.19;1156.38;;;
16.86;3.21;1143.22;;;
15.31;3.21;1156.85;;;
15.12;3.21;1162.16;;;
14.53;3.21938;1161.17;;;
13.85;3.22;1175.65;;;
13.98;3.2285;1172.63;;;
14.05;3.23;1171.35;;;
13.75;3.25;1178.84;;;
14.91;3.25;1166.22;;;
14.45;3.26;1171.11;;;
16.12;3.26813;1159.36;;;
16.32;3.27;1154.05;;;
15.68;3.27;1165.69;;;
14.57;3.27;1173.80;;;
13.63;3.28;1185.56;;;
13.32;3.28438;1191.08;;;
13.14;3.29;1189.28;;;
12.95;3.29375;1193.86;;;
12.69;3.29875;1194.07;;;
12.58;3.31;1190.01;;;
12.24;3.32;1197.62;;;
12.15;3.33;1198.78;;;
13.29;3.3375;1191.50;;;
12.36;3.35;1202.22;;;
11.84;3.35;1204.29;;;
12.15;3.36;1196.02;;;
12.28;3.37;1197.51;;;
12.39;3.37;1197.26;;;
12.70;3.37938;1194.67;;;
12.08;3.39;1200.93;;;
11.96;3.4;1198.11;;;
11.65;3.41;1200.82;;;
11.79;3.41375;1203.91;;;
11.46;3.42063;1206.58;;;
11.15;3.43;1210.96;;;
11.48;3.43938;1216.96;;;
11.47;3.44375;1216.10;;;
11.08;3.45188;1213.61;;;
11.05;3.46;1213.88;;;
12.13;3.47;1200.73;;;
12.18;3.47813;1191.57;;;
12.52;3.48;1190.69;;;
11.58;3.49;1201.57;;;
11.77;3.50438;1199.85;;;
12.04;3.51625;1191.33;;;
11.40;3.52875;1194.44;;;
11.68;3.55;1204.99;;;
12.27;3.56;1194.94;;;
12.49;3.55;1197.87;;;
11.45;3.56063;1211.86;;;
11.28;3.57;1219.44;;;
10.95;3.58;1222.21;;;
10.84;3.59875;1223.29;;;
10.81;3.60875;1226.50;;;
10.33;3.61438;1227.92;;;
10.77;3.62;1221.13;;;
10.45;3.63;1229.35;;;
10.23;3.64;1235.20;;;
10.97;3.65;1227.04;;;
10.52;3.66;1233.68;;;
11.10;3.6625;1229.03;;;
10.99;3.66913;1231.16;;;
10.36;3.68;1236.79;;;
10.52;3.69313;1243.72;;;
11.57;3.7;1234.18;;;
12.08;3.71;1235.35;;;
11.75;3.72;1244.12;;;
11.83;3.73313;1245.04;;;
12.52;3.74688;1235.86;;;
12.48;3.75;1226.42;;;
13.21;3.76;1223.13;;;
12.40;3.78;1231.38;;;
12.38;3.78;1229.13;;;
12.42;3.79;1237.81;;;
12.74;3.79;1230.39;;;
12.26;3.79688;1233.87;;;
13.52;3.80188;1219.34;;;
13.30;3.81;1220.24;;;
13.42;3.82;1219.02;;;
13.42;3.82288;1219.71;;;
13.42;3.83;1221.73;;;
13.34;3.83625;1217.59;;;
14.17;3.84063;1209.59;;;
13.73;3.86;1212.37;;;
13.72;3.86;1205.10;;;
13.52;3.86;1212.28;;;
13.65;3.87;1208.41;;;
12.60;3.87;1220.33;;;
13.15;3.855;1221.59;;;
13.57;3.761;1218.02;;;
12.93;3.79;1233.39;;;
12.52;3.79813;1236.36;;;
12.93;3.83375;1231.67;;;
11.98;3.85;1241.48;;;
11.65;3.85688;1240.56;;;
12.39;3.87;1231.20;;;
12.91;3.87438;1227.16;;;
12.49;3.88563;1227.73;;;
11.22;3.89;1237.91;;;
12.14;3.92;1231.02;;;
12.64;3.92438;1221.34;;;
13.79;3.96;1210.20;;;
13.33;3.96063;1214.62;;;
12.96;3.97;1215.29;;;
13.04;4;1215.63;;;
12.76;4.01;1215.66;;;
12.63;4.02038;1216.89;;;
12.24;4.05438;1227.68;;;
11.92;4.065;1228.81;;;
12.46;4.07688;1226.70;;;
13.20;4.09;1214.47;;;
14.55;4.1;1196.39;;;
14.96;4.11;1191.49;;;
14.59;4.115;1195.90;;;
15.55;4.12313;1187.33;;;
15.63;4.13;1184.87;;;
16.22;4.14;1177.68;;;
16.47;4.15;1176.84;;;
14.87;4.15938;1186.57;;;
14.67;4.1675;1190.10;;;
15.33;4.17413;1178.14;;;
13.50;4.18063;1195.76;;;
16.11;4.19375;1177.80;;;
16.13;4.2;1179.59;;;
14.74;4.20625;1199.38;;;
14.53;4.21563;1196.54;;;
14.59;4.23;1191.38;;;
16.02;4.24313;1178.90;;;
14.25;4.25;1198.41;;;
15.32;4.26;1207.01;;;
14.85;4.26063;1202.76;;;
13.48;4.28;1214.76;;;
13.00;4.29063;1219.94;;;
13.17;4.3;1220.14;;;
13.10;4.30438;1222.81;;;
13.08;4.31;1218.59;;;
12.80;4.33;1220.65;;;
11.90;4.33225;1230.96;;;
11.63;4.34;1234.72;;;
12.18;4.34;1233.76;;;
12.23;4.35;1229.01;;;
12.26;4.36813;1231.21;;;
11.25;4.37;1242.80;;;
11.12;4.3725;1248.27;;;
10.82;4.38;1254.85;;;
10.60;4.39375;1261.23;;;
10.96;4.39;1265.61;;;
10.88;4.40063;1268.25;;;
11.84;4.40625;1257.46;;;
11.89;4.41;1257.48;;;
12.06;4.42;1249.48;;;
11.24;4.44;1264.67;;;
11.01;4.44688;1265.08;;;
11.60;4.45;1262.09;;;
11.52;4.45688;1263.70;;;
12.18;4.46;1257.37;;;
12.21;4.48;1255.84;;;
11.69;4.48;1259.37;;;
11.47;4.48875;1260.43;;;
11.11;4.49125;1267.43;;;
10.48;4.49125;1272.74;;;
10.73;4.49688;1270.94;;;
10.68;4.5;1267.32;;;
11.38;4.5;1259.92;;;
11.19;4.50125;1259.62;;;
10.81;4.50375;1262.79;;;
10.29;4.51938;1268.12;;;
10.27;4.52063;1268.66;;;
11.57;4.52063;1256.54;;;
11.35;4.52688;1258.17;;;
11.61;4.53;1254.42;;;
12.07;4.53625;1248.29;;;
11.14;4.54438;1268.80;;;
11.37;4.54063;1273.46;;;
11.31;4.55;1273.48;;;
11.00;4.55;1285.45;;;
11.13;4.56;1290.15;;;
10.86;4.5685;1289.69;;;
10.94;4.58;1294.18;;;
11.20;4.6;1286.06;;;
11.23;4.6;1287.61;;;
11.91;4.60225;1282.93;;;
12.25;4.601;1277.93;;;
11.98;4.61375;1285.04;;;
14.56;4.62;1261.49;;;
13.93;4.62288;1263.82;;;
13.31;4.63;1266.86;;;
12.87;4.63975;1264.68;;;
12.42;4.66;1273.83;;;
11.97;4.6675;1283.72;;;
12.39;4.68;1285.19;;;
12.95;4.68;1280.08;;;
12.36;4.69;1282.46;;;
13.23;4.71;1270.84;;;
12.96;4.71;1264.03;;;
13.04;4.715;1265.02;;;
13.59;4.72;1254.78;;;
12.83;4.72;1265.65;;;
13.12;4.74;1263.78;;;
12.87;4.74063;1266.99;;;
13.35;4.74875;1262.86;;;
12.25;4.75;1275.53;;;
12.31;4.75;1280.00;;;
11.48;4.77;1289.38;;;
12.01;4.77;1287.24;;;
12.41;4.77375;1283.03;;;
11.88;4.78;1292.67;;;
11.87;4.8;1287.79;;;
11.46;4.81;1289.43;;;
11.59;4.82;1294.12;;;
12.34;4.8225;1280.66;;;
11.54;4.83;1291.24;;;
11.72;4.84;1289.14;;;
11.96;4.85;1287.23;;;
12.74;4.86;1278.26;;;
12.66;4.87;1275.88;;;
12.32;4.88;1278.47;;;
12.68;4.89;1272.23;;;
11.85;4.9;1281.42;;;
11.37;4.91;1284.13;;;
10.74;4.91688;1297.48;;;
11.35;4.92;1303.02;;;
11.98;4.93;1305.33;;;
12.12;4.93;1307.25;;;
11.79;4.93538;1305.08;;;
11.62;4.94;1297.23;;;
11.21;4.95031;1305.04;;;
11.17;4.96;1301.67;;;
11.19;4.96475;1302.95;;;
11.46;4.96;1301.61;;;
11.58;4.96;1293.23;;;
10.95;4.97938;1302.89;;;
11.57;4.99;1300.25;;;
11.39;5;1294.87;;;
11.57;5;1297.81;;;
11.14;5.01;1305.93;;;
11.13;5.01375;1311.56;;;
11.45;5.0225;1309.04;;;
12.26;5.02813;1295.50;;;
12.19;5.04469;1296.62;;;
13.00;5.05;1286.57;;;
12.76;5.06825;1288.12;;;
12.38;5.07688;1289.12;;;
12.58;5.07688;1285.33;;;
11.40;5.08;1307.28;;;
11.32;5.07469;1309.93;;;
11.64;5.09;1311.46;;;
11.59;5.1;1311.28;;;
11.75;5.1075;1308.11;;;
11.75;5.11;1301.74;;;
11.76;5.12563;1305.41;;;
11.84;5.14875;1309.72;;;
11.59;5.13;1310.61;;;
12.54;5.13;1305.19;;;
11.99;5.14563;1313.21;;;
11.99;5.15;1308.12;;;
11.86;5.16;1312.25;;;
11.62;5.16625;1325.76;;;
12.00;5.16;1324.66;;;
11.99;5.16188;1325.14;;;
11.78;5.16438;1322.85;;;
12.49;5.17;1305.92;;;
14.19;5.17;1291.24;;;
13.57;5.17063;1294.50;;;
13.35;5.1725;1292.08;;;
16.26;5.17381;1270.32;;;
16.99;5.18938;1261.81;;;
17.18;5.19375;1267.03;;;
17.72;5.2075;1262.07;;;
18.26;5.21;1256.58;;;
17.36;5.21438;1258.57;;;
15.50;5.22;1272.88;;;
14.26;5.22688;1280.16;;;
18.66;5.23063;1259.87;;;
16.44;5.23813;1270.09;;;
14.52;5.27063;1285.71;;;
14.32;5.27;1288.22;;;
16.65;5.23625;1265.29;;;
17.34;5.27;1263.85;;;
17.80;5.2825;1256.15;;;
18.35;5.3;1257.93;;;
18.12;5.31;1252.30;;;
20.96;5.31938;1237.44;;;
23.81;5.32938;1223.69;;;
21.46;5.34063;1230.04;;;
15.90;5.39563;1256.16;;;
17.25;5.41375;1251.54;;;
17.83;5.42438;1240.13;;;
16.69;5.43688;1240.12;;;
15.52;5.44875;1252.20;;;
15.88;5.46;1245.60;;;
15.89;5.48;1244.50;;;
15.62;5.49;1250.56;;;
16.40;5.5;1239.20;;;
15.79;5.49875;1246.00;;;
13.03;5.50813;1272.87;;;
13.08;5.48063;1270.20;;;
13.05;5.48;1280.19;;;
14.15;5.48875;1270.91;;;
13.65;5.50719;1274.08;;;
13.97;5.51;1265.48;;;
14.02;5.5;1267.34;;;
13.14;5.5;1272.43;;;
14.49;5.50031;1258.60;;;
17.79;5.50688;1242.28;;;
18.05;5.49813;1236.20;;;
18.64;5.49;1234.49;;;
17.74;5.5;1236.86;;;
15.55;5.52;1259.81;;;
16.21;5.51063;1249.13;;;
17.40;5.485;1240.29;;;
14.98;5.49;1260.91;;;
14.85;5.49;1268.88;;;
14.62;5.5;1268.40;;;
14.94;5.485;1263.20;;;
14.33;5.48875;1278.55;;;
14.95;5.46563;1276.66;;;
15.05;5.4675;1270.92;;;
14.34;5.47188;1277.41;;;
14.46;5.48;1280.27;;;
14.34;5.49938;1279.36;;;
15.23;5.44;1275.77;;;
15.23;5.44594;1271.48;;;
15.20;5.40375;1265.95;;;
14.46;5.40188;1271.81;;;
14.30;5.405;1266.74;;;
14.26;5.41625;1268.21;;;
13.42;5.42625;1285.58;;;
12.41;5.41;1295.43;;;
12.24;5.3925;1297.48;;;
11.64;5.39938;1302.30;;;
12.22;5.39813;1297.52;;;
12.19;5.4;1298.82;;;
12.40;5.4;1292.99;;;
12.40;5.4;1296.06;;;
12.31;5.4;1295.09;;;
12.18;5.4;1301.78;;;
12.28;5.4;1304.28;;;
12.22;5.4;1305.37;;;
12.31;5.3975;1303.82;;;
11.96;5.39063;1311.01;;;
12.63;5.39;1313.25;;;
13.74;5.39;1300.26;;;
13.88;5.39;1294.02;;;
13.16;5.39;1298.92;;;
12.99;5.39;1299.54;;;
11.92;5.39;1313.00;;;
11.18;5.39;1318.07;;;
11.55;5.39;1316.28;;;
11.76;5.39;1319.66;;;
11.78;5.39;1321.18;;;
11.98;5.39;1317.64;;;
11.39;5.38688;1325.18;;;
12.25;5.38875;1318.03;;;
12.59;5.37063;1314.78;;;
12.12;5.36781;1326.37;;;
11.53;5.36375;1336.35;;;
11.58;5.36688;1336.59;;;
11.72;5.37163;1338.88;;;
11.98;5.37;1335.85;;;
12.57;5.37;1331.32;;;
12.24;5.37;1334.11;;;
11.86;5.37;1350.20;;;
11.98;5.36813;1353.22;;;
11.56;5.37;1349.59;;;
11.68;5.37;1350.66;;;
11.52;5.37188;1353.42;;;
11.62;5.37344;1349.95;;;
11.09;5.37375;1362.83;;;
10.75;5.37375;1365.62;;;
11.09;5.37438;1369.06;;;
11.73;5.37438;1364.05;;;
11.34;5.37375;1365.80;;;
10.90;5.37375;1366.96;;;
10.63;5.37563;1368.60;;;
11.08;5.37688;1377.02;;;
10.78;5.38;1377.38;;;
10.66;5.38;1382.22;;;
10.56;5.37625;1389.08;;;
10.80;5.37563;1377.34;;;
11.20;5.37125;1377.93;;;
11.10;5.37063;1377.94;;;
11.51;5.37;1367.81;;;
11.42;5.36813;1367.34;;;
11.16;5.37;1364.30;;;
11.16;5.37531;1379.78;;;
11.09;5.37535;1382.84;;;
10.75;5.37442;1385.72;;;
11.01;5.37625;1378.33;;;
10.79;5.37438;1380.90;;;
10.86;5.37375;1384.42;;;
10.50;5.375;1393.22;;;
10.31;5.37313;1396.57;;;
10.16;5.375;1399.76;;;
10.05;5.375;1401.20;;;
9.97;5.37063;1400.50;;;
9.90;5.37;1402.81;;;
10.14;5.37;1406.09;;;
10.73;5.37;1400.95;;;
12.30;5.37;1381.96;;;
11.62;5.37;1386.72;;;
10.83;5.36938;1399.48;;;
10.91;5.37;1400.63;;;
11.66;5.36563;1396.71;;;
11.23;5.3525;1409.12;;;
11.27;5.35;1414.76;;;
11.33;5.35;1412.90;;;
12.67;5.35313;1407.29;;;
12.07;5.35563;1409.84;;;
10.71;5.36;1413.04;;;
10.65;5.36;1411.56;;;
10.18;5.36;1413.21;;;
9.97;5.36063;1425.49;;;
10.05;5.365;1427.09;;;
10.60;5.365;1422.48;;;
10.30;5.365;1425.55;;;
10.26;5.365;1423.53;;;
10.53;5.36563;1418.30;;;
11.36;5.3625;1410.76;;;
11.26;5.3625;1416.90;;;
10.64;5.36375;1426.84;;;
10.99;5.36;1424.73;;;
11.56;5.36;1418.30;;;
12.04;5.36;1416.60;;;
11.51;5.36;1418.34;;;
12.14;5.36;1409.71;;;
12.00;5.36;1412.84;;;
11.91;5.36;1412.11;;;
11.47;5.36;1414.85;;;
10.87;5.36;1423.82;;;
10.15;5.36;1430.73;;;
10.74;5.36;1431.90;;;
10.59;5.36;1430.62;;;
10.85;5.36;1426.37;;;
10.40;5.36;1430.50;;;
10.77;5.36;1422.95;;;
10.34;5.36;1427.99;;;
9.89;5.36;1440.13;;;
11.22;5.36;1423.90;;;
11.13;5.36;1422.18;;;
11.45;5.36;1420.62;;;
10.96;5.36;1428.82;;;
10.42;5.36;1438.24;;;
10.31;5.36;1445.94;;;
10.08;5.36;1448.39;;;
10.55;5.36;1446.99;;;
10.65;5.36;1448.00;;;
10.32;5.36;1450.02;;;
10.44;5.36;1448.31;;;
11.10;5.36;1438.06;;;
11.61;5.36;1433.37;;;
10.34;5.36;1444.26;;;
10.23;5.36;1455.30;;;
10.22;5.36;1456.81;;;
10.02;5.36;1455.54;;;
10.24;5.36;1459.68;;;
10.20;5.36;1457.63;;;
10.18;5.36;1456.38;;;
10.58;5.36;1451.19;;;
11.15;5.36;1449.37;;;
18.31;5.36;1399.04;;;
15.42;5.34813;1406.82;;;
15.82;5.3475;1403.17;;;
18.61;5.34625;1387.17;;;
19.63;5.33;1374.12;;;
15.96;5.34;1395.41;;;
15.24;5.34;1391.97;;;
14.29;5.34;1401.89;;;
14.09;5.34;1402.84;;;
13.99;5.355;1406.60;;;
18.13;5.35488;1377.95;;;
17.27;5.35;1387.17;;;
16.43;5.35;1392.28;;;
16.79;5.35;1386.95;;;
14.59;5.35;1402.06;;;
13.27;5.35;1410.94;;;
12.19;5.35;1435.04;;;
12.93;5.34631;1434.54;;;
12.95;5.34788;1436.11;;;
13.11;5.35;1437.50;;;
13.48;5.35;1428.61;;;
14.98;5.35;1417.23;;;
15.14;5.34938;1422.53;;;
14.64;5.35;1420.86;;;
14.53;5.35;1424.55;;;
13.46;5.35;1437.77;;;
13.24;5.35;1439.37;;;
13.23;5.35;1443.76;;;
13.14;5.35;1444.61;;;
12.68;5.355;1448.39;;;
13.49;5.355;1438.87;;;
12.71;5.35563;1447.80;;;
12.20;5.35688;1452.85;;;
11.98;5.35875;1468.33;;;
12.14;5.35988;1471.48;;;
12.42;5.35813;1472.50;;;
12.54;5.355;1470.73;;;
12.07;5.355;1484.35;;;
13.04;5.355;1480.93;;;
13.12;5.355;1480.41;;;
13.21;5.355;1495.42;;;
12.79;5.355;1494.25;;;
12.45;5.35625;1494.07;;;
14.22;5.355;1482.37;;;
13.51;5.355;1486.30;;;
13.08;5.355;1495.92;;;
13.09;5.35563;1502.39;;;
12.91;5.35656;1505.62;;;
13.15;5.35656;1509.48;;;
13.21;5.35688;1507.72;;;
12.88;5.35813;1512.58;;;
13.60;5.36;1491.47;;;
12.95;5.36;1505.85;;;
13.96;5.36;1503.15;;;
14.01;5.36;1501.19;;;
13.50;5.36;1514.14;;;
13.51;5.36;1512.75;;;
12.76;5.36;1522.75;;;
13.30;5.36;1525.10;;;
13.06;5.36;1524.12;;;
13.24;5.36;1522.28;;;
14.08;5.36;1507.51;;;
13.34;5.36;1515.73;;;
13.53;5.36;1518.11;;;
12.83;5.36;1530.23;;;
13.05;5.36;1530.62;;;
12.78;5.36;1536.34;;;
13.29;5.36;1539.18;;;
13.63;5.36;1530.95;;;
14.87;5.36;1517.38;;;
17.06;5.36;1490.72;;;
14.84;5.36;1507.67;;;
14.71;5.36;1509.12;;;
16.67;5.36;1493.00;;;
14.73;5.36;1515.67;;;
13.64;5.36;1522.97;;;
13.94;5.36;1532.91;;;
13.42;5.36;1531.05;;;
12.85;5.36;1533.70;;;
14.67;5.36;1512.84;;;
14.21;5.36;1522.19;;;
15.75;5.36;1502.56;;;
16.65;5.36;1497.74;;;
18.89;5.36;1492.89;;;
15.53;5.36;1506.34;;;
15.54;5.36;1505.71;;;
16.23;5.36;1503.35;;;
15.40;5.36;1519.43;;;
15.29;5.36;1524.87;;;
15.48;5.36;1525.40;;;
14.72;5.36;1530.44;;;
15.16;5.36;1531.85;;;
17.57;5.36;1510.12;;;
16.64;5.36;1518.76;;;
15.54;5.36;1547.70;;;
15.15;5.36;1552.50;;;
15.59;5.36;1549.52;;;
15.63;5.36;1549.37;;;
16.00;5.36;1546.17;;;
15.23;5.36;1553.08;;;
16.95;5.36;1534.10;;;
16.81;5.36;1541.57;;;
18.55;5.36;1511.04;;;
18.10;5.36;1518.09;;;
20.74;5.36;1482.66;;;
24.17;5.3575;1458.95;;;
20.87;5.35625;1473.91;;;
23.52;5.35866;1455.27;;;
23.67;5.35953;1465.81;;;
21.22;5.36;1472.20;;;
25.16;5.36;1433.06;;;
22.94;5.35625;1467.67;;;
21.56;5.36;1476.71;;;
21.45;5.38;1497.49;;;
26.48;5.5;1453.09;;;
28.30;5.575;1453.64;;;
26.57;5.5575;1452.92;;;
27.68;5.53;1426.54;;;
30.67;5.52;1406.70;;;
30.83;5.51;1411.27;;;
29.99;5.5;1445.94;;;
26.33;5.495;1445.55;;;
25.25;5.49438;1447.12;;;
22.89;5.49875;1464.07;;;
22.62;5.505;1462.50;;;
20.72;5.50563;1479.37;;;
22.72;5.50563;1466.79;;;
26.30;5.51;1432.36;;;
23.81;5.54125;1463.76;;;
25.06;5.58;1457.64;;;
23.38;5.62125;1473.99;;;
22.78;5.69813;1489.42;;;
24.58;5.72;1472.29;;;
23.99;5.72375;1478.55;;;
26.23;5.725;1453.55;;;
27.38;5.70375;1451.70;;;
25.27;5.70313;1471.49;;;
24.96;5.70313;1471.56;;;
24.76;5.69438;1483.95;;;
24.92;5.64625;1484.25;;;
26.48;5.5975;1476.65;;;
20.35;5.5875;1519.78;;;
20.03;5.2375;1529.03;;;
20.45;5.21;1518.75;;;
19.00;5.2025;1525.75;;;
19.37;5.2;1517.73;;;
18.60;5.2;1517.21;;;
17.63;5.19813;1525.42;;;
17.00;5.23063;1531.38;;;
18.00;5.22875;1526.75;;;
17.84;5.23;1547.04;;;
18.49;5.24;1546.63;;;
18.80;5.24375;1539.59;;;
18.44;5.24375;1542.84;;;
16.91;5.24313;1557.59;;;
17.46;5.25313;1552.58;;;
16.12;5.24875;1565.15;;;
16.67;5.2475;1562.47;;;
18.88;5.2425;1554.41;;;
17.73;5.22375;1561.80;;;
19.25;5.21438;1548.71;;;
20.02;5.20875;1538.53;;;
18.54;5.19875;1541.24;;;
18.50;5.18;1540.08;;;
22.96;5.15125;1500.63;;;
21.64;5.0925;1506.33;;;
20.41;5.08375;1519.59;;;
20.80;5.065;1515.88;;;
21.17;5.01063;1514.40;;;
19.56;4.98375;1535.28;;;
19.87;4.96;1540.98;;;
21.07;4.91125;1531.02;;;
18.53;4.89375;1549.38;;;
23.21;4.8775;1508.44;;;
23.01;4.865;1509.65;;;
24.31;4.875;1502.17;;;
21.39;4.8975;1520.27;;;
26.49;4.89625;1475.62;;;
26.16;4.88688;1474.77;;;
28.50;4.87938;1453.70;;;
31.09;4.87;1439.18;;;
24.10;4.86875;1481.05;;;
25.94;4.8775;1470.58;;;
28.06;4.905;1451.15;;;
25.49;4.94875;1458.74;;;
26.01;4.98188;1433.27;;;
24.88;5;1439.70;;;
26.84;5.015;1416.77;;;
25.96;5.04;1440.70;;;
28.91;5.05313;1407.22;;;
26.28;5.06188;1428.23;;;
24.11;5.08125;1469.02;;;
23.97;5.12375;1469.72;;;
22.87;5.13125;1481.14;;;
23.61;5.14063;1472.42;;;
23.79;5.15;1462.79;;;
22.53;5.15063;1485.01;;;
20.96;5.14625;1507.34;;;
20.85;5.14063;1504.66;;;
20.74;5.1325;1515.96;;;
23.59;5.11125;1477.65;;;
22.47;5.0575;1486.59;;;
22.56;4.99063;1488.41;;;
23.27;4.96625;1467.95;;;
24.52;4.94125;1445.90;;;
22.64;4.92625;1454.98;;;
21.68;4.91;1453.00;;;
20.58;4.88375;1460.12;;;
18.47;4.8575;1484.46;;;
18.60;4.8425;1496.45;;;
18.66;4.8425;1497.66;;;
20.26;4.83;1476.27;;;
20.74;4.72875;1478.49;;;
22.50;4.7025;1468.36;;;
23.17;4.68063;1447.16;;;
22.49;4.64625;1447.16;;;
23.94;4.62;1411.63;;;
23.79;4.54313;1416.18;;;
25.43;4.505;1390.19;;;
24.12;4.4425;1409.13;;;
23.45;4.37688;1420.33;;;
23.68;4.2575;1401.02;;;
22.90;4.055;1416.25;;;
23.34;3.9975;1380.95;;;
24.38;3.95125;1373.20;;;
28.46;3.92625;1333.25;;;
27.18;3.89375;1325.19;;;
31.01;3.7175;1310.50;;;
29.02;3.33125;1338.60;;;
27.78;3.24375;1352.07;;;
29.08;3.30625;1330.61;;;
27.78;3.25125;1353.96;;;
27.32;3.24375;1362.30;;;
27.62;3.23938;1355.81;;;
26.20;3.11188;1378.55;;;
24.02;3.095;1395.42;;;
25.99;3.145;1380.82;;;
28.24;3.16188;1336.64;;;
28.97;3.1275;1326.45;;;
27.66;3.09625;1336.91;;;
28.01;3.08813;1331.29;;;
27.60;3.07;1339.13;;;
26.33;3.0675;1348.86;;;
24.88;3.065;1367.21;;;
25.54;3.065;1348.86;;;
25.02;3.07;1349.99;;;
25.59;3.07;1348.78;;;
24.40;3.07813;1360.03;;;
25.12;3.0925;1342.53;;;
24.06;3.08;1353.11;;;
23.03;3.08938;1371.80;;;
21.90;3.09;1381.29;;;
22.69;3.085;1380.02;;;
23.53;3.07563;1367.68;;;
26.54;3.0575;1330.63;;;
26.28;3.01438;1331.34;;;
25.52;3.00813;1326.75;;;
24.60;3;1333.70;;;
27.55;2.99;1304.34;;;
27.49;2.93875;1293.37;;;
29.38;2.90125;1273.37;;;
26.36;2.8675;1320.65;;;
27.22;2.85;1308.77;;;
27.29;2.8;1315.48;;;
31.16;2.76375;1288.14;;;
32.24;2.57875;1276.60;;;
25.79;2.54188;1330.74;;;
29.84;2.59875;1298.42;;;
26.62;2.60625;1329.51;;;
25.73;2.60625;1349.88;;;
25.72;2.655;1352.99;;;
26.08;2.67125;1341.13;;;
25.88;2.69625;1325.76;;;
25.71;2.6975;1315.22;;;
25.61;2.68813;1322.70;;;
22.68;2.68375;1370.18;;;
23.43;2.7;1367.53;;;
23.21;2.7275;1369.31;;;
22.45;2.7275;1370.40;;;
22.42;2.71;1372.54;;;
22.36;2.71;1365.54;;;
22.81;2.71563;1354.49;;;
21.98;2.71;1360.55;;;
23.46;2.71313;1332.83;;;
23.82;2.70875;1328.32;;;
22.78;2.71594;1334.43;;;
20.53;2.73375;1364.71;;;
20.37;2.8175;1365.56;;;
20.13;2.9075;1390.33;;;
20.50;2.92;1388.17;;;
20.87;2.92;1375.94;;;
20.26;2.92;1379.93;;;
20.06;2.90688;1388.82;;;
19.59;2.9125;1397.84;;;
19.64;2.89938;1396.37;;;
20.24;2.87281;1390.94;;;
20.79;2.85;1385.59;;;
18.88;2.78438;1409.34;;;
18.18;2.77;1413.90;;;
18.90;2.77;1407.49;;;
18.21;2.7575;1418.26;;;
19.73;2.73438;1392.57;;;
19.40;2.71563;1397.68;;;
19.41;2.685;1388.28;;;
17.79;2.67813;1403.58;;;
17.98;2.67563;1403.04;;;
17.66;2.72;1408.66;;;
16.30;2.71875;1423.57;;;
16.47;2.695;1425.35;;;
17.01;2.6775;1426.63;;;
17.58;2.6575;1413.40;;;
18.59;2.63813;1390.71;;;
18.05;2.63813;1394.35;;;
19.55;2.64563;1375.93;;;
19.64;2.64438;1385.35;;;
19.07;2.64938;1390.84;;;
18.14;2.68188;1398.26;;;
17.83;2.68063;1400.38;;;
19.83;2.67625;1385.67;;;
20.24;2.67313;1377.65;;;
20.80;2.67188;1377.20;;;
18.63;2.67688;1404.05;;;
23.56;2.69563;1360.68;;;
23.12;2.69125;1361.76;;;
23.18;2.78625;1358.44;;;
24.12;2.78813;1335.49;;;
23.33;2.77625;1339.87;;;
21.22;2.81375;1360.03;;;
20.95;2.8125;1360.14;;;
21.13;2.80875;1350.93;;;
22.24;2.8025;1337.81;;;
21.58;2.80125;1342.83;;;
22.87;2.80188;1317.93;;;
22.64;2.80438;1318.00;;;
22.42;2.80938;1314.29;;;
21.14;2.80813;1321.97;;;
23.93;2.80063;1283.15;;;
23.44;2.79125;1278.38;;;
23.95;2.78313;1280.00;;;
23.65;2.7875;1284.91;;;
25.92;2.79125;1261.52;;;
24.79;2.79125;1262.90;;;
25.78;2.79125;1252.31;;;
23.15;2.79;1273.70;;;
25.23;2.79188;1244.69;;;
25.59;2.78813;1253.39;;;
27.49;2.79063;1239.49;;;
28.48;2.79063;1228.30;;;
28.54;2.78938;1214.91;;;
25.10;2.785;1245.36;;;
25.01;2.78625;1260.32;;;
24.05;2.79063;1260.68;;;
23.05;2.79938;1260.00;;;
21.18;2.79625;1277.00;;;
21.31;2.8;1282.19;;;
23.44;2.795;1252.54;;;
22.91;2.79313;1257.76;;;
24.23;2.79625;1234.37;;;
22.03;2.79875;1263.20;;;
21.21;2.80063;1284.26;;;
22.94;2.79125;1267.38;;;
22.57;2.79438;1260.31;;;
23.49;2.79813;1249.01;;;
21.14;2.80188;1284.88;;;
20.23;2.8025;1289.19;;;
21.15;2.8025;1266.07;;;
20.66;2.80375;1296.32;;;
20.12;2.80375;1305.32;;;
21.17;2.80438;1289.59;;;
21.55;2.80438;1285.83;;;
20.34;2.80688;1292.93;;;
19.58;2.80875;1298.20;;;
20.98;2.81;1278.60;;;
21.28;2.81125;1266.69;;;
20.42;2.81188;1274.54;;;
19.82;2.81063;1277.72;;;
18.81;2.81;1292.20;;;
20.97;2.81;1266.84;;;
20.49;2.80938;1271.51;;;
19.76;2.81;1281.66;;;
19.43;2.81;1300.68;;;
20.65;2.81063;1282.83;;;
21.99;2.81313;1277.58;;;
21.43;2.81375;1274.98;;;
24.03;2.815;1236.83;;;
23.06;2.81438;1242.31;;;
22.64;2.81688;1267.79;;;
25.47;2.81813;1224.51;;;
24.52;2.81875;1232.04;;;
24.39;2.81875;1249.05;;;
25.66;2.81875;1251.70;;;
31.70;2.81625;1192.70;;;
30.30;2.87625;1213.60;;;
36.22;3.0625;1156.39;;;
33.10;3.20375;1206.51;;;
32.07;3.21;1255.08;;;
33.85;3.1975;1207.09;;;
35.72;3.21125;1188.22;;;
35.19;3.47625;1185.87;;;
32.82;3.76875;1209.18;;;
34.74;3.76188;1213.27;;;
46.72;3.8825;1106.42;;;
39.39;4.0525;1166.36;;;
39.81;4.15;1161.06;;;
45.26;4.2075;1114.28;;;
45.14;4.33375;1099.23;;;
52.05;4.28875;1056.89;;;
53.68;4.32;996.23;;;
57.53;4.52375;984.94;;;
63.92;4.75;909.92;;;
69.95;4.81875;899.22;;;
54.99;4.7525;1003.35;;;
55.13;4.635;998.01;;;
69.25;4.55;907.84;;;
67.61;4.5025;946.43;;;
70.33;4.41875;940.55;;;
52.97;4.05875;985.40;;;
53.11;3.83375;955.05;;;
69.65;3.54125;896.78;;;
67.80;3.535;908.11;;;
79.13;3.51625;876.77;;;
80.06;3.5075;848.92;;;
66.96;3.465;940.51;;;
69.96;3.42;930.09;;;
62.90;3.1925;954.09;;;
59.89;3.02625;968.75;;;
53.68;2.85875;966.30;;;
47.73;2.70625;1005.75;;;
54.56;2.50625;952.77;;;
63.68;2.3875;904.88;;;
56.10;2.29;930.99;;;
59.98;2.235;919.21;;;
61.44;2.175;898.95;;;
66.46;2.1325;852.30;;;
59.83;2.14875;911.29;;;
66.31;2.23625;873.29;;;
69.15;2.23875;850.75;;;
67.64;2.2175;859.12;;;
74.26;2.1725;806.58;;;
80.86;2.15313;752.44;;;
72.67;2.1575;800.03;;;
64.70;2.16875;851.81;;;
60.90;2.19625;857.39;;;
54.92;2.18125;887.68;;;
55.28;2.21688;896.24;;;
68.51;2.22;816.21;;;
62.98;2.21;848.81;;;
60.72;2.20125;870.74;;;
63.64;2.1925;845.22;;;
59.93;2.18563;876.07;;;
58.49;2.18938;909.70;;;
58.91;2.16375;888.67;;;
55.73;2.09875;899.24;;;
55.78;1.99625;873.59;;;
54.28;1.92125;879.73;;;
56.76;1.87125;868.57;;;
52.37;1.8475;913.18;;;
49.84;1.5775;904.42;;;
47.34;1.525;885.28;;;
44.93;1.4975;887.88;;;
44.56;1.46625;871.63;;;
45.02;1.46625;863.16;;;
44.21;1.4675;868.15;;;
43.38;1.4675;872.80;;;
43.90;1.45875;869.42;;;
41.63;1.435;890.64;;;
40.00;1.425;903.25;;;
39.19;1.4125;931.80;;;
39.08;1.42125;927.45;;;
38.56;1.41125;934.70;;;
43.39;1.3975;906.65;;;
42.56;1.35375;909.73;;;
42.82;1.26;890.35;;;
45.84;1.16;870.26;;;
43.27;1.09438;871.79;;;
49.14;1.0825;842.62;;;
51.00;1.08563;843.74;;;
46.11;1.1425;850.12;;;
56.65;1.1225;805.22;;;
46.42;1.125;840.24;;;
47.29;1.15938;827.50;;;
47.27;1.16938;831.95;;;
45.69;1.18375;836.57;;;
42.25;1.18438;845.71;;;
39.66;1.17438;874.09;;;
42.63;1.17;845.14;;;
44.84;1.18438;825.88;;;
45.52;1.225;825.44;;;
43.06;1.23375;838.51;;;
43.85;1.23563;832.23;;;
43.73;1.24125;845.85;;;
43.37;1.24125;868.60;;;
43.64;1.22813;869.89;;;
46.67;1.22188;827.16;;;
44.53;1.23125;833.74;;;
41.25;1.23438;835.19;;;
42.93;1.2375;826.84;;;
48.66;1.24563;789.17;;;
48.46;1.25125;788.42;;;
47.08;1.25063;778.94;;;
49.30;1.24875;770.05;;;
52.62;1.24875;743.33;;;
45.49;1.25;773.14;;;
44.67;1.25625;764.90;;;
44.66;1.26125;752.83;;;
46.35;1.26438;735.09;;;
52.65;1.26625;700.82;;;
50.93;1.27125;696.33;;;
47.56;1.27663;712.87;;;
50.17;1.28375;682.55;;;
49.33;1.2925;683.38;;;
49.68;1.3125;676.53;;;
44.37;1.33125;719.60;;;
43.61;1.32594;721.36;;;
41.18;1.32;750.74;;;
42.36;1.31563;756.55;;;
43.74;1.30875;753.89;;;
40.80;1.29938;778.12;;;
40.06;1.2875;794.35;;;
43.68;1.22688;784.04;;;
45.89;1.22281;768.54;;;
43.23;1.22219;822.92;;;
42.93;1.22625;806.12;;;
42.25;1.2275;813.88;;;
40.36;1.23188;832.86;;;
41.04;1.22;815.94;;;
45.54;1.2075;787.53;;;
44.14;1.19188;797.87;;;
42.28;1.17688;811.08;;;
42.04;1.16594;834.38;;;
39.70;1.16094;842.50;;;
40.93;1.15688;835.48;;;
40.39;1.14938;815.55;;;
38.85;1.13875;825.16;;;
36.53;1.13125;856.56;;;
37.81;1.13125;858.73;;;
37.67;1.12188;841.50;;;
36.17;1.1125;852.06;;;
35.79;1.10688;865.30;;;
33.94;1.10188;869.60;;;
39.18;1.10063;832.39;;;
37.14;1.1;850.08;;;
38.10;1.09938;843.55;;;
37.15;1.09188;851.92;;;
36.82;1.0725;866.23;;;
38.32;1.05375;857.51;;;
37.95;1.03938;855.16;;;
36.08;1.0275;873.64;;;
36.50;1.01625;872.81;;;
35.30;1.00688;877.52;;;
34.53;1.00688;907.24;;;
33.36;0.98625;903.80;;;
32.45;0.97375;919.53;;;
33.44;0.95625;907.39;;;
32.05;0.9375;929.23;;;
32.87;0.92;909.24;;;
31.80;0.90563;908.35;;;
33.65;0.88313;883.92;;;
31.37;0.85438;893.07;;;
33.12;0.82563;882.88;;;
30.24;0.785;909.71;;;
28.80;0.7525;908.13;;;
29.03;0.71625;903.47;;;
31.35;0.66125;888.33;;;
32.63;0.66;887.00;;;
30.62;0.66375;910.33;;;
32.36;0.67375;893.06;;;
31.67;0.6675;906.83;;;
28.92;0.65625;919.14;;;
30.04;0.65;942.87;;;
29.63;0.64625;944.74;;;
31.02;0.63688;931.76;;;
30.18;0.62938;942.46;;;
29.62;0.6325;940.09;;;
29.77;0.65;939.14;;;
28.27;0.6475;942.43;;;
28.46;0.63875;939.15;;;
28.11;0.62938;944.89;;;
28.15;0.62438;946.21;;;
30.81;0.61438;923.72;;;
32.68;0.61313;911.97;;;
31.54;0.61;910.71;;;
30.03;0.60875;918.37;;;
27.99;0.61188;921.23;;;
31.17;0.61;893.04;;;
30.58;0.6075;895.10;;;
29.05;0.60438;900.94;;;
26.36;0.60125;920.26;;;
25.93;0.5975;918.90;;;
25.35;0.59688;927.23;;;
26.35;0.595;919.32;;;
26.22;0.5875;923.33;;;
27.95;0.5775;896.42;;;
29.00;0.54813;898.72;;;
30.85;0.5375;881.03;;;
31.30;0.525;879.56;;;
29.78;0.51;882.68;;;
29.02;0.505;879.13;;;
26.31;0.50938;901.05;;;
25.02;0.51313;905.84;;;
25.89;0.51375;932.68;;;
25.42;0.51;940.74;;;
24.34;0.50375;940.38;;;
24.40;0.505;951.13;;;
23.87;0.50313;954.58;;;
23.47;0.50188;954.07;;;
23.43;0.50375;976.29;;;
23.09;0.50188;979.26;;;
24.28;0.49625;982.18;;;
25.01;0.49125;979.62;;;
25.61;0.4875;975.15;;;
25.40;0.48313;986.75;;;
25.92;0.47938;987.48;;;
25.56;0.47188;1002.63;;;
24.89;0.47063;1005.65;;;
24.90;0.46813;1002.72;;;
25.67;0.46438;997.08;;;
24.76;0.46125;1010.48;;;
24.99;0.45875;1007.10;;;
25.99;0.45438;994.35;;;
25.45;0.44969;1005.81;;;
24.71;0.44;1012.73;;;
24.27;0.42938;1004.09;;;
27.89;0.43125;979.73;;;
26.18;0.425;989.67;;;
26.26;0.41875;996.46;;;
25.09;0.40688;1007.37;;;
25.01;0.39313;1026.13;;;
25.14;0.38688;1025.57;;;
24.92;0.38;1028.00;;;
24.95;0.37188;1028.12;;;
24.68;0.36063;1030.98;;;
24.76;0.3475;1028.93;;;
26.01;0.3475;1020.62;;;
29.15;0.33438;998.04;;;
28.90;0.33;994.75;;;
27.10;0.32188;1003.24;;;
25.26;0.31438;1016.40;;;
25.62;0.30188;1025.39;;;
24.32;0.29869;1033.37;;;
23.55;0.29969;1044.14;;;
24.15;0.299;1042.73;;;
23.86;0.295;1049.34;;;
23.42;0.29338;1052.63;;;
23.69;0.29188;1068.76;;;
23.65;0.29188;1065.49;;;
23.92;0.28938;1068.30;;;
24.06;0.28938;1064.66;;;
23.08;0.28563;1071.66;;;
23.49;0.285;1060.87;;;
24.95;0.28313;1050.78;;;
25.61;0.2825;1044.38;;;
24.88;0.2825;1062.98;;;
25.19;0.28969;1060.61;;;
25.61;0.28688;1057.08;;;
28.27;0.28438;1029.85;;;
28.68;0.28406;1025.21;;;
26.84;0.28406;1040.46;;;
25.70;0.28406;1054.72;;;
24.68;0.28438;1057.58;;;
24.18;0.28438;1065.48;;;
23.12;0.28438;1071.49;;;
23.01;0.28438;1076.19;;;
22.99;0.28438;1073.19;;;
22.86;0.28406;1092.02;;;
21.72;0.28406;1096.56;;;
21.43;0.28406;1087.68;;;
21.49;0.28338;1097.91;;;
20.90;0.28313;1091.06;;;
22.22;0.28344;1081.40;;;
20.69;0.28219;1092.91;;;
22.27;0.28188;1079.60;;;
24.31;0.28063;1066.95;;;
24.83;0.28063;1063.41;;;
27.91;0.28063;1042.63;;;
24.76;0.28063;1066.11;;;
30.69;0.28063;1036.19;;;
29.78;0.27938;1042.88;;;
28.81;0.27813;1045.41;;;
27.72;0.2775;1046.50;;;
25.43;0.27531;1066.63;;;
24.19;0.27406;1069.30;;;
23.15;0.2725;1093.08;;;
22.84;0.2725;1093.01;;;
23.00;0.2725;1098.51;;;
24.24;0.2725;1087.24;;;
23.36;0.2725;1093.48;;;
22.89;0.27125;1109.30;;;
22.41;0.27031;1110.32;;;
21.63;0.26906;1109.80;;;
22.63;0.26656;1094.90;;;
22.19;0.26219;1091.38;;;
21.16;0.26188;1106.24;;;
20.47;0.26063;1105.65;;;
20.48;0.25563;1110.63;;;
24.74;0.25563;1091.49;;;
24.51;0.25656;1095.63;;;
21.92;0.25531;1108.86;;;
21.12;0.255;1109.24;;;
22.46;0.25531;1099.92;;;
21.25;0.25656;1105.98;;;
22.10;0.25656;1103.25;;;
23.69;0.25594;1091.94;;;
22.66;0.25519;1095.95;;;
22.32;0.25425;1102.35;;;
21.59;0.25363;1106.41;;;
21.15;0.25375;1114.11;;;
21.50;0.25344;1107.93;;;
20.54;0.25375;1109.18;;;
22.57;0.25338;1096.08;;;
21.68;0.25125;1102.47;;;
20.49;0.24875;1114.05;;;
19.54;0.24875;1118.02;;;
19.71;0.25063;1120.59;;;
19.47;0.25063;1126.48;;;
19.93;0.25063;1127.78;;;
20.01;0.25063;1126.20;;;
19.96;0.25063;1126.42;;;
21.68;0.25063;1115.10;;;
20.04;0.25438;1132.99;;;
19.35;0.2525;1136.52;;;
19.16;0.25;1137.14;;;
19.06;0.24938;1141.69;;;
18.13;0.25125;1144.98;;;
17.55;0.25125;1146.98;;;
18.25;0.25125;1136.22;;;
17.85;0.25125;1145.68;;;
17.63;0.25125;1148.46;;;
17.91;0.25125;1136.03;;;
17.58;0.249;1150.23;;;
18.68;0.24888;1138.04;;;
22.27;0.24888;1116.48;;;
27.31;0.24906;1091.76;;;
25.41;0.24875;1096.78;;;
24.55;0.24875;1092.17;;;
23.14;0.24875;1097.50;;;
23.73;0.24875;1084.53;;;
24.62;0.24906;1073.87;;;
22.59;0.24906;1089.19;;;
21.48;0.25031;1103.32;;;
21.60;0.24906;1097.28;;;
26.08;0.24875;1063.11;;;
26.11;0.24969;1066.19;;;
26.51;0.25;1056.74;;;
26.00;0.25;1070.52;;;
25.40;0.25;1068.13;;;
23.96;0.25;1078.47;;;
22.73;0.25;1075.51;;;
22.25;0.25;1094.87;;;
21.72;0.25063;1099.51;;;
20.63;0.25125;1106.75;;;
20.02;0.25194;1109.17;;;
19.94;0.25219;1108.01;;;
21.37;0.25194;1094.60;;;
20.27;0.25194;1105.24;;;
20.10;0.25194;1102.94;;;
19.50;0.25169;1104.49;;;
19.26;0.25169;1115.71;;;
19.06;0.25194;1118.31;;;
18.83;0.25194;1118.79;;;
18.72;0.25219;1122.97;;;
17.42;0.25363;1138.70;;;
17.79;0.25425;1138.50;;;
17.92;0.2555;1140.45;;;
18.57;0.25563;1145.61;;;
18.06;0.25703;1150.24;;;
17.58;0.25719;1149.99;;;
18.00;0.25763;1150.51;;;
17.69;0.26088;1159.46;;;
16.91;0.26638;1166.21;;;
16.62;0.271;1165.83;;;
16.97;0.2775;1159.90;;;
16.87;0.28188;1165.81;;;
16.35;0.28353;1174.17;;;
17.55;0.28491;1167.72;;;
18.40;0.28781;1165.73;;;
17.77;0.28875;1166.59;;;
17.59;0.29013;1173.22;;;
17.13;0.29088;1173.27;;;
17.59;0.2915;1169.43;;;
17.47;0.2915;1178.10;;;
17.02;0.2915;1187.44;;;
16.23;0.29488;1189.44;;;
16.62;0.29525;1182.45;;;
16.48;0.294;1186.44;;;
16.14;0.29781;1194.37;;;
15.58;0.30041;1196.48;;;
16.20;0.30281;1197.30;;;
15.59;0.30375;1210.65;;;
15.89;0.30438;1211.67;;;
18.36;0.30531;1192.13;;;
17.34;0.30531;1197.52;;;
15.73;0.30719;1207.17;;;
16.32;0.31281;1205.94;;;
16.47;0.31578;1208.67;;;
16.62;0.32063;1217.28;;;
17.47;0.32375;1212.05;;;
22.81;0.32781;1183.71;;;
21.08;0.33781;1191.36;;;
18.44;0.34438;1206.78;;;
22.05;0.34656;1186.69;;;
20.19;0.34656;1202.26;;;
23.84;0.35313;1173.60;;;
24.91;0.36016;1165.87;;;
32.80;0.37359;1128.15;;;
40.95;0.42813;1110.88;;;
28.84;0.42125;1159.73;;;
28.32;0.42281;1155.79;;;
25.52;0.43019;1171.67;;;
26.68;0.43588;1157.44;;;
31.24;0.44506;1135.68;;;
30.84;0.46;1136.94;;;
33.55;0.46469;1120.80;;;
35.32;0.4775;1115.05;;;
45.79;0.48406;1071.59;;;
40.10;0.49688;1087.69;;;
38.32;0.50969;1073.65;;;
34.61;0.53625;1074.03;;;
35.02;0.53781;1067.95;;;
29.68;0.53844;1103.06;;;
32.07;0.53625;1089.41;;;
35.54;0.53625;1070.71;;;
30.17;0.5375;1098.38;;;
29.46;0.53781;1102.83;;;
35.48;0.53656;1064.88;;;
36.57;0.53719;1050.47;;;
33.70;0.53688;1062.00;;;
33.73;0.53656;1055.69;;;
30.57;0.53644;1086.84;;;
28.79;0.53706;1091.60;;;
28.58;0.53706;1089.63;;;
25.87;0.53894;1115.23;;;
25.92;0.53894;1114.61;;;
25.05;0.53925;1116.04;;;
23.95;0.53819;1117.51;;;
24.88;0.53838;1113.20;;;
27.05;0.53825;1095.31;;;
26.91;0.53825;1092.04;;;
29.74;0.53719;1073.69;;;
28.53;0.53469;1076.76;;;
29.00;0.53344;1074.57;;;
34.13;0.533;1041.24;;;
34.54;0.53394;1030.71;;;
32.86;0.53331;1027.37;;;
30.12;0.53363;1022.58;;;
29.65;0.53113;1028.06;;;
26.84;0.52988;1060.27;;;
25.71;0.5275;1070.25;;;
24.98;0.52681;1077.96;;;
24.43;0.52556;1078.75;;;
24.56;0.52594;1095.34;;;
24.89;0.52563;1095.17;;;
25.14;0.52469;1096.48;;;
26.25;0.52125;1064.88;;;
25.97;0.51781;1071.25;;;
23.93;0.5125;1083.48;;;
25.64;0.50625;1069.59;;;
24.63;0.49781;1093.67;;;
23.47;0.49313;1102.66;;;
22.78;0.4875;1115.01;;;
23.19;0.48125;1113.84;;;
24.25;0.475;1106.13;;;
24.13;0.46563;1101.53;;;
23.50;0.45375;1101.60;;;
22.01;0.44469;1125.86;;;
22.63;0.43469;1120.46;;;
22.21;0.42406;1127.24;;;
22.10;0.41813;1125.81;;;
21.74;0.41125;1121.64;;;
22.14;0.40438;1127.79;;;
22.37;0.39781;1121.06;;;
25.39;0.38438;1089.47;;;
25.73;0.37625;1083.61;;;
26.24;0.36938;1079.25;;;
26.10;0.36188;1079.38;;;
24.33;0.35219;1092.54;;;
24.59;0.34547;1094.16;;;
26.44;0.33906;1075.63;;;
25.49;0.32922;1071.69;;;
25.66;0.3175;1067.36;;;
27.46;0.3075;1051.87;;;
26.70;0.30375;1055.33;;;
27.37;0.29938;1047.22;;;
24.45;0.29688;1064.59;;;
27.21;0.29688;1048.92;;;
26.05;0.29563;1049.33;;;
23.89;0.29563;1080.29;;;
23.19;0.29438;1090.10;;;
21.31;0.29281;1104.51;;;
23.80;0.29188;1091.84;;;
23.25;0.2925;1098.87;;;
22.81;0.2925;1104.18;;;
21.99;0.29219;1109.55;;;
21.21;0.29219;1121.90;;;
21.56;0.29188;1121.10;;;
22.10;0.29203;1125.07;;;
21.72;0.29141;1124.66;;;
22.01;0.29156;1125.59;;;
21.50;0.29031;1142.71;;;
22.35;0.28969;1139.78;;;
22.51;0.28938;1134.28;;;
23.87;0.28938;1124.83;;;
21.71;0.28938;1148.67;;;
22.54;0.28938;1142.16;;;
22.60;0.28938;1147.70;;;
23.25;0.29;1144.73;;;
23.70;0.29;1141.20;;;
22.50;0.29063;1146.24;;;
23.53;0.29063;1137.03;;;
21.76;0.29;1160.75;;;
21.49;0.28969;1159.97;;;
21.56;0.28906;1158.06;;;
20.71;0.28906;1165.15;;;
18.96;0.28906;1165.32;;;
18.93;0.28906;1169.77;;;
19.07;0.28906;1178.10;;;
19.88;0.28906;1173.81;;;
19.03;0.28906;1176.19;;;
19.09;0.28906;1184.71;;;
20.63;0.28906;1165.90;;;
19.79;0.28844;1178.17;;;
19.27;0.28844;1180.26;;;
18.78;0.28844;1183.08;;;
19.85;0.28844;1185.62;;;
20.22;0.28844;1185.64;;;
20.71;0.28813;1182.45;;;
20.88;0.28688;1183.78;;;
21.20;0.28594;1183.26;;;
21.83;0.28594;1184.38;;;
21.57;0.28594;1193.57;;;
19.56;0.28594;1197.96;;;
18.52;0.28563;1221.06;;;
18.26;0.28563;1225.85;;;
18.29;0.28563;1223.25;;;
19.08;0.28563;1213.40;;;
18.47;0.28563;1218.71;;;
18.64;0.28563;1213.54;;;
20.61;0.28438;1199.21;;;
20.20;0.28438;1197.75;;;
22.58;0.28438;1178.34;;;
21.76;0.28438;1178.59;;;
18.75;0.28438;1196.69;;;
18.04;0.28438;1199.73;;;
18.37;0.28438;1197.84;;;
20.63;0.28438;1180.73;;;
19.56;0.2875;1198.35;;;
22.22;0.29438;1189.40;;;
21.53;0.29594;1187.76;;;
23.54;0.30031;1180.55;;;
21.36;0.30344;1206.07;;;
19.39;0.30344;1221.53;;;
18.01;0.30344;1224.71;;;
18.02;0.30344;1223.12;;;
17.99;0.30219;1223.75;;;
17.74;0.30219;1228.28;;;
17.25;0.30219;1233.00;;;
17.61;0.30156;1240.40;;;
17.55;0.30156;1240.46;;;
17.61;0.30188;1241.59;;;
17.94;0.30188;1235.23;;;
17.39;0.30375;1242.87;;;
16.11;0.30375;1243.91;;;
16.41;0.30281;1247.08;;;
16.49;0.30281;1254.60;;;
15.45;0.30281;1258.84;;;
16.47;0.30281;1256.77;;;
17.67;0.30281;1257.54;;;
17.52;0.30281;1258.51;;;
17.28;0.30281;1259.78;;;
17.52;0.30281;1257.88;;;
17.75;0.30281;1257.64;;;
17.61;0.30281;1271.87;;;
17.38;0.30281;1270.20;;;
17.02;0.30281;1276.56;;;
17.40;0.30313;1273.85;;;
17.14;0.30313;1271.50;;;
17.54;0.30313;1269.75;;;
16.89;0.30313;1274.48;;;
16.24;0.30313;1285.96;;;
16.39;0.30313;1283.76;;;
15.46;0.30313;1293.24;;;
15.87;0.30313;1295.02;;;
17.31;0.30313;1281.92;;;
17.99;0.30313;1280.26;;;
18.47;0.30313;1283.35;;;
17.65;0.30313;1290.84;;;
17.59;0.30438;1291.18;;;
16.64;0.30438;1296.63;;;
16.15;0.30438;1299.54;;;
20.04;0.30438;1276.34;;;
19.53;0.30438;1286.12;;;
17.63;0.3105;1307.59;;;
17.30;0.3105;1304.03;;;
16.69;0.3105;1307.10;;;
15.93;0.3115;1310.87;;;
16.28;0.312;1319.05;;;
15.81;0.312;1324.57;;;
15.87;0.312;1320.88;;;
16.09;0.312;1321.87;;;
15.69;0.313;1329.15;;;
15.95;0.314;1332.32;;;
16.37;0.3135;1328.01;;;
16.72;0.3135;1336.32;;;
16.59;0.3135;1340.43;;;
16.43;0.3125;1343.01;;;
20.80;0.3125;1315.44;;;
22.13;0.3115;1307.40;;;
21.32;0.3105;1306.10;;;
19.22;0.3105;1319.88;;;
18.35;0.3095;1327.22;;;
21.01;0.3095;1306.33;;;
20.70;0.3095;1308.44;;;
18.60;0.3095;1330.97;;;
19.06;0.3095;1321.15;;;
20.66;0.3095;1310.13;;;
19.82;0.3095;1321.82;;;
20.22;0.3095;1320.02;;;
21.79;0.3095;1295.11;;;
20.08;0.3095;1304.28;;;
21.13;0.309;1296.39;;;
24.32;0.309;1281.87;;;
29.40;0.309;1256.88;;;
26.37;0.309;1273.72;;;
24.44;0.309;1279.21;;;
20.61;0.309;1298.38;;;
20.21;0.309;1293.77;;;
19.17;0.308;1297.54;;;
18.00;0.3085;1309.66;;;
17.91;0.3075;1313.80;;;
19.44;0.307;1310.19;;;
18.16;0.307;1319.44;;;
17.71;0.3045;1328.26;;;
17.74;0.303;1325.83;;;
17.40;0.301;1332.41;;;
17.50;0.29675;1332.87;;;
17.25;0.29375;1332.63;;;
16.90;0.29263;1335.54;;;
17.11;0.2895;1333.51;;;
17.87;0.28525;1328.17;;;
16.59;0.28275;1324.46;;;
17.09;0.28075;1314.16;;;
16.92;0.278;1314.41;;;
16.27;0.2755;1314.52;;;
15.32;0.27475;1319.68;;;
16.96;0.274;1305.14;;;
15.83;0.27375;1312.62;;;
15.07;0.27375;1330.36;;;
14.69;0.27375;1337.38;;;
15.77;0.27375;1335.25;;;
15.62;0.27275;1347.24;;;
15.35;0.27325;1355.66;;;
14.62;0.273;1360.48;;;
14.75;0.273;1363.61;;;
15.99;0;1361.22;;;
16.70;0.27225;1356.62;;;
17.08;0.27025;1347.32;;;
18.20;0.26825;1335.10;;;
18.40;0.267;1340.20;;;
17.16;0.26575;1346.29;;;
15.91;0.264;1357.16;;;
16.95;0.26225;1342.08;;;
16.03;0.26075;1348.65;;;
17.07;0.2605;1337.77;;;
18.24;0.2605;1329.47;;;
17.55;0.25975;1328.98;;;
16.23;0.26;1340.68;;;
15.52;0.2585;1343.60;;;
17.43;0.2575;1333.27;;;
18.27;0.25675;1317.37;;;
17.82;0.255;1316.28;;;
17.07;0.2545;1320.47;;;
16.09;0.254;1325.69;;;
15.98;0.25388;1331.10;;;
15.45;0.25288;1345.20;;;
18.30;0.25288;1314.55;;;
18.09;0.252;1312.94;;;
17.95;0.252;1300.16;;;
18.49;0.25175;1286.17;;;
18.07;0.25175;1284.94;;;
18.79;0.25025;1279.56;;;
17.77;0.2495;1289.00;;;
18.86;0.2485;1270.98;;;
19.61;0.247;1271.83;;;
18.26;0.24525;1287.87;;;
21.32;0.245;1265.42;;;
22.73;0.2465;1267.64;;;
21.85;0.2465;1271.50;;;
19.99;0.2465;1278.36;;;
18.86;0.2455;1295.52;;;
18.52;0.2455;1287.14;;;
19.29;0.2465;1283.50;;;
21.10;0.24625;1268.45;;;
20.56;0.24575;1280.10;;;
19.17;0.24575;1296.67;;;
17.27;0.24575;1307.41;;;
16.52;0.24575;1320.64;;;
15.87;0.24575;1339.67;;;
16.06;0.24575;1337.88;;;
16.34;0.24575;1339.22;;;
15.95;0.24605;1353.22;;;
15.95;0.24605;1343.80;;;
18.39;0.24605;1319.49;;;
19.87;0.249;1313.64;;;
19.91;0.24925;1317.72;;;
20.80;0.24975;1308.87;;;
19.53;0.24975;1316.14;;;
20.95;0.25125;1305.44;;;
19.21;0.252;1326.73;;;
19.09;0.253;1325.84;;;
17.56;0.253;1343.80;;;
17.52;0.253;1345.02;;;
19.35;0.2521;1337.43;;;
20.23;0.2526;1331.94;;;
22.98;0.25285;1304.89;;;
23.74;0.25395;1300.67;;;
25.25;0.2555;1292.28;;;
23.66;0.25722;1286.94;;;
24.79;0.26444;1254.05;;;
23.38;0.26828;1260.34;;;
31.66;0.26939;1200.07;;;
32.00;0.27161;1199.38;;;
48.00;0.27478;1119.46;;;
35.06;0.27839;1172.53;;;
42.99;0.28061;1120.76;;;
39.00;0.28617;1172.64;;;
36.36;0.29006;1178.81;;;
31.87;0.29172;1204.49;;;
32.85;0.29283;1192.76;;;
31.58;0.29589;1193.89;;;
42.67;0.29778;1140.65;;;
43.05;0.303;1123.53;;;
42.44;0.30844;1123.82;;;
36.27;0.31178;1162.35;;;
35.90;0.31428;1177.60;;;
39.76;0.319;1159.27;;;
35.59;0.32278;1176.80;;;
32.28;0.32278;1210.08;;;
32.89;0.32556;1212.92;;;
31.62;0.32722;1218.89;;;
31.82;0.32944;1204.42;;;
33.92;0.33056;1173.97;;;
37.00;0.33561;1165.24;;;
33.38;0.33683;1198.62;;;
34.32;0.33683;1185.90;;;
38.52;0.33794;1154.23;;;
38.59;0.34289;1162.27;;;
36.91;0.34711;1172.87;;;
34.60;0.34911;1188.68;;;
31.97;0.35022;1209.11;;;
30.98;0.35133;1216.01;;;
32.73;0.3525;1204.09;;;
32.86;0.355;1202.09;;;
37.32;0.35556;1166.76;;;
41.35;0.35806;1129.56;;;
41.25;0.36022;1136.43;;;
39.02;0.36278;1162.95;;;
37.71;0.36522;1175.38;;;
41.08;0.36856;1151.06;;;
38.84;0.37211;1160.40;;;
42.96;0.37433;1131.42;;;
45.45;0.37761;1099.23;;;
40.82;0.38094;1123.95;;;
37.81;0.38361;1144.03;;;
36.27;0.38778;1164.97;;;
36.20;0.39111;1155.46;;;
33.02;0.39417;1194.89;;;
32.86;0.3975;1195.54;;;
31.26;0.40083;1207.25;;;
30.70;0.40306;1203.66;;;
28.24;0.40472;1224.58;;;
33.39;0.40583;1200.86;;;
31.56;0.40917;1225.38;;;
34.44;0.41167;1209.88;;;
34.78;0.41556;1215.39;;;
31.32;0.41833;1238.25;;;
29.26;0.42028;1254.19;;;
32.22;0.42222;1229.05;;;
29.86;0.42472;1242.00;;;
25.46;0.42806;1284.59;;;
24.53;0.42944;1285.09;;;
29.96;0.42944;1253.30;;;
34.77;0.43167;1218.28;;;
32.74;0.43306;1237.90;;;
30.50;0.435;1261.15;;;
30.16;0.4375;1253.23;;;
29.85;0.44139;1261.12;;;
27.48;0.44417;1275.92;;;
36.16;0.44917;1229.10;;;
32.81;0.45278;1239.70;;;
30.04;0.45722;1263.85;;;
31.13;0.46056;1251.78;;;
31.22;0.46556;1257.81;;;
33.51;0.47111;1236.91;;;
34.51;0.47944;1216.13;;;
32.00;0.48778;1215.65;;;
32.91;0.495;1192.98;;;
31.97;0.50028;1188.04;;;
33.98;0.50611;1161.79;;;
34.47;0.51806;1158.67;;;
32.13;0.52306;1192.55;;;
30.64;0.52694;1195.19;;;
27.80;0.52889;1246.96;;;
27.41;0.52722;1244.58;;;
27.52;0.52833;1244.28;;;
27.84;0.5339;1257.08;;;
28.13;0.53775;1258.47;;;
28.67;0.54;1261.01;;;
30.59;0.54;1234.35;;;
26.38;0.54175;1255.19;;;
25.67;0.5435;1236.47;;;
25.41;0.54625;1225.73;;;
26.04;0.55505;1211.82;;;
25.11;0.55915;1215.75;;;
24.29;0.56315;1219.66;;;
24.92;0.56695;1205.35;;;
23.22;0.56975;1241.30;;;
21.43;0.57125;1243.72;;;
21.16;0.57375;1254.00;;;
20.73;0.57575;1265.33;;;
21.91;0.57575;1265.43;;;
23.52;0.57925;1249.64;;;
22.65;0.581;1263.02;;;
23.40;0.581;1257.60;;;
22.97;0.5825;1277.06;;;
22.22;0.5825;1277.30;;;
21.48;0.5825;1281.06;;;
20.63;0.5815;1277.81;;;
21.07;0.5805;1280.70;;;
20.69;0.5795;1292.08;;;
21.05;0.5765;1292.48;;;
20.47;0.5715;1295.50;;;
20.91;0.567;1289.09;;;
22.20;0.5623;1293.67;;;
20.89;0.5612;1308.04;;;
19.87;0.5612;1314.50;;;
18.28;0.5611;1315.38;;;
18.67;0.5601;1316.00;;;
18.91;0.5591;1314.65;;;
18.31;0.5566;1326.06;;;
18.57;0.5531;1318.43;;;
18.53;0.5511;1316.33;;;
19.40;0.54685;1313.01;;;
19.44;0.54235;1312.41;;;
18.55;0.5371;1324.09;;;
17.98;0.5306;1325.54;;;
17.10;0.527;1344.90;;;
17.76;0.52325;1344.33;;;
17.67;0.52;1347.05;;;
18.16;0.51325;1349.96;;;
18.63;0.51;1351.95;;;
20.77;0.506;1342.64;;;
19.04;0.5026;1351.77;;;
19.54;0.4976;1350.50;;;
21.14;0.4951;1343.23;;;
19.22;0.4931;1358.04;;;
17.78;0.4931;1361.23;;;
18.19;0.4926;1362.21;;;
18.19;0.4916;1357.66;;;
16.83;0.4906;1363.46;;;
17.31;0.4906;1365.74;;;
18.18;0.4891;1367.59;;;
17.95;0.4875;1372.18;;;
18.43;0.48425;1365.68;;;
17.26;0.4797;1374.09;;;
17.29;0.47575;1369.63;;;
18.05;0.47455;1364.33;;;
20.84;0.47455;1343.36;;;
19.07;0.47455;1352.63;;;
18.02;0.47355;1365.91;;;
17.11;0.47355;1370.87;;;
15.64;0.47355;1371.09;;;
14.73;0.47365;1395.95;;;
15.31;0.47365;1394.28;;;
15.43;0.47365;1402.60;;;
14.43;0.47365;1404.17;;;
15.04;0.47365;1409.75;;;
15.58;0.47415;1405.52;;;
15.13;0.47415;1402.89;;;
15.68;0.47365;1392.78;;;
14.82;0.47315;1397.11;;;
14.26;0.47265;1416.51;;;
15.57;0.47065;1412.52;;;
15.47;0.46965;1405.54;;;
15.48;0.46815;1403.28;;;
15.50;0.46815;1408.47;;;
15.64;0.46815;1419.04;;;
15.66;0.46915;1413.38;;;
16.42;0.46915;1398.96;;;
16.70;0.46915;1398.08;;;
18.81;0.46915;1382.20;;;
20.39;0.46915;1358.59;;;
20.02;0.46865;1368.71;;;
17.20;0.46665;1387.57;;;
19.55;0.46615;1370.26;;;
19.55;0.46565;1369.57;;;
18.46;0.46565;1390.78;;;
18.64;0.46565;1385.14;;;
18.36;0.46565;1376.92;;;
17.44;0.46565;1378.53;;;
18.97;0.46565;1366.94;;;
18.10;0.46585;1371.97;;;
16.82;0.46585;1390.69;;;
16.24;0.46585;1399.98;;;
16.32;0.46585;1403.36;;;
17.15;0.46585;1397.91;;;
16.60;0.46585;1405.82;;;
16.88;0.46585;1402.31;;;
17.56;0.46585;1391.57;;;
19.16;0.46585;1369.10;;;
18.94;0.46585;1369.58;;;
19.05;0.46585;1363.72;;;
20.08;0.46685;1354.58;;;
18.83;0.46685;1357.99;;;
19.89;0.46685;1353.39;;;
21.87;0.46585;1338.35;;;
21.97;0.46585;1330.66;;;
22.27;0.46685;1324.80;;;
24.49;0.46685;1304.86;;;
25.10;0.46685;1295.22;;;
22.01;0.46685;1315.99;;;
22.48;0.46685;1316.63;;;
22.33;0.46685;1318.86;;;
21.54;0.46685;1320.68;;;
21.76;0.46685;1317.82;;;
21.03;0.46685;1332.42;;;
24.14;0.46685;1313.32;;;
24.06;0.46685;1310.33;;;
26.66;0.46785;1278.04;;;
26.12;0.46785;1278.18;;;
24.68;0;1285.50;;;
22.16;0.46785;1315.13;;;
21.72;0.46785;1314.99;;;
21.23;0.46785;1325.66;;;
23.56;0.46785;1308.93;;;
22.09;0.46785;1324.18;;;
24.27;0.46785;1314.88;;;
21.68;0.46785;1329.10;;;
21.11;0.46785;1342.84;;;
18.32;0.46785;1344.78;;;
18.38;0.46785;1357.98;;;
17.24;0.4676;1355.69;;;
20.08;0.4676;1325.51;;;
18.11;0.4616;1335.02;;;
20.38;0.4606;1313.72;;;
19.72;0.4606;1319.99;;;
19.45;0.4606;1331.85;;;
19.71;0.4606;1329.04;;;
17.08;0.4606;1362.16;;;
16.80;0.4606;1365.51;;;
16.66;0.4606;1374.02;;;
17.50;0.4596;1367.58;;;
17.10;0.4576;1354.68;;;
18.05;0.4576;1352.46;;;
18.72;0.4576;1341.47;;;
17.95;0.4561;1341.45;;;
18.36;0.4551;1334.76;;;
16.74;0.4551;1356.78;;;
17.11;0.4551;1353.64;;;
16.48;0.4551;1363.67;;;
16.16;0.4551;1372.78;;;
15.45;0.4531;1376.51;;;
16.27;0.4521;1362.66;;;
18.62;0.4511;1350.52;;;
20.47;0.4481;1338.31;;;
19.34;0.4481;1337.89;;;
17.53;0.4471;1360.02;;;
16.70;0.4466;1385.97;;;
18.03;0.4446;1385.30;;;
18.93;0.4426;1379.32;;;
18.96;0.4416;1375.32;;;
17.57;0.44185;1365.00;;;
15.64;0.43935;1390.99;;;
15.95;0.43885;1394.23;;;
15.99;0.43785;1401.35;;;
15.32;0.43675;1402.22;;;
15.28;0.4375;1402.80;;;
14.74;0.437;1405.87;;;
13.70;0.4345;1404.11;;;
14.85;0.4365;1403.93;;;
14.63;0.4345;1405.53;;;
14.29;0.4335;1415.51;;;
13.45;0.4345;1418.16;;;
14.02;0.4335;1418.13;;;
15.02;0.4335;1413.17;;;
15.11;0.43075;1413.49;;;
15.96;0.42685;1402.08;;;
15.18;0.42485;1411.13;;;
16.35;0.42485;1410.44;;;
16.49;0.42275;1409.30;;;
17.06;0.42175;1410.49;;;
17.83;0.42075;1399.48;;;
17.47;0.41825;1406.58;;;
17.98;0.41185;1404.94;;;
17.74;0.40985;1403.44;;;
15.63;0.40835;1432.12;;;
14.38;0.40775;1437.92;;;
16.28;0.40425;1429.08;;;
16.41;0.39875;1433.56;;;
15.80;0.39425;1436.56;;;
14.05;0.38875;1459.99;;;
14.51;0.38525;1465.77;;;
14.59;0.38075;1461.19;;;
14.18;0.37875;1459.32;;;
13.88;0.37575;1461.05;;;
14.07;0.373;1460.26;;;
13.98;0.36925;1460.15;;;
14.15;0.36725;1456.89;;;
15.43;0.3635;1441.59;;;
16.81;0.36225;1433.32;;;
14.84;0.36025;1447.15;;;
15.73;0.3585;1440.67;;;
16.32;0.35525;1444.49;;;
15.71;0.354;1445.75;;;
15.43;0.3525;1450.99;;;
14.55;0.35225;1461.40;;;
14.33;0.35125;1460.93;;;
15.11;0.35025;1455.88;;;
16.37;0.34675;1441.48;;;
16.29;0.34275;1432.56;;;
15.59;0.34025;1432.84;;;
16.14;0.33425;1428.59;;;
15.27;0.33025;1440.13;;;
15.22;0.32475;1454.92;;;
15.07;0.32075;1460.91;;;
15.03;0.31875;1457.34;;;
16.97;0.31725;1433.19;;;
16.62;0.31575;1433.82;;;
18.83;0.31525;1413.11;;;
18.33;0.31425;1408.75;;;
18.12;0.31325;1412.97;;;
17.81;0.31325;1411.94;;;
18.60;0.31275;1412.16;;;
16.69;0.31275;1427.59;;;
17.59;0.31275;1414.20;;;
18.42;0.31175;1417.26;;;
17.58;0.31175;1428.39;;;
19.08;0.31;1394.53;;;
18.49;0.31;1377.51;;;
18.61;0.31;1379.85;;;
16.68;0.31;1380.03;;;
16.65;0.31;1374.53;;;
17.92;0.31;1355.49;;;
17.99;0.311;1353.33;;;
16.41;0.3115;1359.88;;;
15.24;0.3115;1386.89;;;
15.08;0.3105;1387.81;;;
15.31;0.3115;1391.03;;;
15.14;0.3115;1409.15;;;
15.50;0.3115;1406.29;;;
15.92;0.3115;1398.94;;;
15.51;0.3105;1409.93;;;
15.06;0.3105;1415.95;;;
15.87;0.3105;1416.18;;;
16.64;0.3105;1409.46;;;
17.12;0.3105;1407.05;;;
16.46;0.3105;1409.28;;;
16.58;0.3105;1413.94;;;
15.87;0.3095;1418.07;;;
16.05;0.3105;1418.55;;;
15.57;0.3095;1427.84;;;
15.95;0.3095;1428.48;;;
16.56;0.308;1419.45;;;
16.99;0.308;1413.58;;;
16.34;0.309;1430.36;;;
15.57;0.309;1446.79;;;
17.36;0.31;1435.81;;;
17.67;0.31;1443.69;;;
17.84;0.31;1430.15;;;
17.84;0.31;1426.66;;;
19.48;0.31;1419.83;;;
19.47;0.311;1418.10;;;
21.79;0.308;1402.43;;;
18.02;0.306;1426.19;;;
14.68;0.305;1462.42;;;
14.56;0.305;1459.37;;;
13.83;0.305;1466.47;;;
13.79;0.305;1461.89;;;
13.62;0.305;1457.15;;;
13.81;0.305;1461.02;;;
13.49;0.305;1472.12;;;
13.36;0.304;1472.05;;;
13.52;0.304;1470.68;;;
13.55;0.303;1472.34;;;
13.42;0.303;1472.63;;;
13.57;0.302;1480.94;;;
12.46;0.302;1485.98;;;
12.43;0.302;1492.56;;;
12.46;0.301;1494.81;;;
12.69;0.3005;1494.82;;;
12.89;0.3005;1502.96;;;
13.57;0.3015;1500.18;;;
13.31;0.3005;1507.84;;;
14.32;0.2985;1501.96;;;
14.38;0.298;1498.11;;;
12.90;0.2955;1513.17;;;
14.67;0.2955;1495.71;;;
13.72;0.2955;1511.29;;;
13.41;0.293;1512.12;;;
13.50;0.292;1509.39;;;
13.02;0.292;1517.93;;;
12.94;0.2931;1517.01;;;
12.64;0.2921;1519.43;;;
12.98;0.2901;1520.33;;;
12.66;0.2901;1521.38;;;
12.46;0.2901;1519.79;;;
12.31;0.2891;1530.94;;;
14.68;0.2891;1511.95;;;
15.22;0.2881;1502.42;;;
14.17;0.2881;1515.60;;;
18.99;0.2866;1487.85;;;
16.87;0.2866;1496.94;;;
14.73;0.2871;1515.99;;;
15.51;0.2871;1514.68;;;
15.36;0.2841;1518.20;;;
14.01;0.2831;1525.20;;;
13.48;0.2811;1539.79;;;
13.53;0.2796;1541.46;;;
13.06;0.2806;1544.26;;;
12.59;0.2801;1551.18;;;
11.56;0.2801;1556.22;;;
12.27;0.2811;1552.48;;;
11.83;0.2801;1554.52;;;
11.30;0.2801;1563.23;;;
11.30;0.2801;1560.70;;;
13.36;0.2801;1552.10;;;
14.39;0.2821;1548.34;;;
12.67;0.2841;1558.71;;;
13.99;0.2841;1545.80;;;
13.57;0.2846;1556.89;;;
13.74;0.2831;1551.69;;;
12.77;0.2836;1563.77;;;
13.15;0.2836;1562.85;;;
12.70;0.2826;1569.19;;;
13.58;0.2826;1562.17;;;
12.76;0.2821;1570.25;;;
14.21;0.2811;1553.69;;;
13.89;0.2804;1559.98;;;
13.92;0.2794;1553.28;;;
13.19;0.2794;1563.07;;;
12.84;0.2781;1568.61;;;
12.36;0.2771;1587.73;;;
12.24;0.2771;1593.37;;;
12.06;0.2776;1588.85;;;
17.27;0.2776;1552.36;;;
13.96;0.2771;1574.57;;;
16.51;0.2761;1552.01;;;
17.56;0.2761;1541.61;;;
14.97;0.2761;1555.25;;;
14.39;0.2751;1562.50;;;
13.48;0.2756;1578.78;;;
13.61;0.2756;1578.79;;;
13.62;0.2756;1585.16;;;
13.61;0.2756;1582.24;;;
13.71;0.2741;1593.61;;;
13.52;0.2731;1597.57;;;
14.49;0.2731;1582.70;;;
13.59;0.2731;1597.59;;;
12.85;0.2751;1614.42;;;
12.66;0.2751;1617.50;;;
12.83;0.2751;1625.96;;;
12.66;0.2751;1632.69;;;
13.13;0.2751;1626.67;;;
12.59;0.2751;1633.70;;;
12.55;0.2751;1633.77;;;
12.77;0.2741;1650.34;;;
12.81;0.2741;1658.78;;;
13.07;0.2741;1650.47;;;
12.45;0.2736;1667.47;;;
13.02;0.2731;1666.29;;;
13.37;0.2741;1669.16;;;
13.82;0.27375;1655.35;;;
14.07;0.27275;1650.51;;;
13.99;0.27275;1649.60;;;
14.48;0.27275;1660.06;;;
14.83;0.27575;1648.36;;;
14.53;0.27465;1654.41;;;
16.30;0.27525;1630.74;;;
16.28;0.27325;1640.42;;;
16.27;0.27395;1631.38;;;
17.50;0.27445;1608.90;;;
16.63;0.27425;1622.56;;;
15.14;0.27515;1643.38;;;
15.44;0.27415;1642.81;;;
17.07;0.27225;1626.13;;;
18.59;0.27325;1612.52;;;
16.41;0.27325;1636.36;;;
17.15;0.27275;1626.73;;;
16.80;0.27325;1639.04;;;
16.61;0.27225;1651.81;;;
16.64;0.27175;1628.93;;;
20.49;0.27255;1588.19;;;
18.90;0.27275;1592.43;;;
20.11;0.27675;1573.09;;;
18.47;0.2761;1588.03;;;
17.21;0.2756;1603.26;;;
16.86;0.274;1613.20;;;
16.86;0.2731;1606.28;;;
16.37;0.2731;1614.96;;;
16.44;0.2729;1614.08;;;
16.20;0.2739;1615.41;;;
14.89;0.2699;1631.89;;;
14.78;0.2686;1640.46;;;
14.35;0.2691;1652.32;;;
14.21;0.2691;1652.62;;;
14.01;0.2681;1675.02;;;
13.84;0.2676;1680.19;;;
13.79;0.2676;1682.50;;;
14.42;0.2662;1676.26;;;
13.78;0.2662;1680.91;;;
13.77;0.2662;1689.37;;;
12.54;0.2647;1692.09;;;
12.29;0.2647;1695.53;;;
12.66;0.2659;1692.39;;;
13.18;0.2643;1685.94;;;
12.97;0.2638;1690.25;;;
12.72;0.265;1691.65;;;
13.39;0.266;1685.33;;;
13.39;0.265;1685.96;;;
13.45;0.2656;1685.73;;;
12.99;0.2656;1706.87;;;
11.98;0.2666;1709.67;;;
11.84;0.2654;1707.14;;;
12.72;0.2664;1697.37;;;
12.98;0.2664;1690.91;;;
12.73;0.2647;1697.48;;;
13.41;0.2647;1691.42;;;
12.81;0.2647;1689.47;;;
12.31;0.2642;1694.16;;;
13.04;0.2632;1685.39;;;
14.73;0.2632;1661.32;;;
14.37;0.2641;1655.83;;;
15.10;0.2631;1646.06;;;
14.91;0.2621;1652.35;;;
15.94;0.2621;1642.80;;;
14.76;0.2621;1656.96;;;
14.06;0.2621;1663.50;;;
14.99;0.2621;1656.78;;;
16.82;0.2594;1630.48;;;
16.49;0.2605;1634.96;;;
16.81;0.2612;1638.17;;;
17.01;0.2595;1632.97;;;
16.61;0.2595;1639.77;;;
15.88;0.259;1653.08;;;
15.77;0.2581;1655.08;;;
15.85;0.2564;1655.17;;;
15.63;0.2559;1671.71;;;
14.53;0.2559;1683.99;;;
13.82;0.2544;1689.13;;;
14.29;0.2544;1683.42;;;
14.16;0.2539;1687.99;;;
14.42;0.25185;1697.60;;;
14.53;0.25195;1704.76;;;
13.59;0.25245;1725.52;;;
13.16;0.2502;1722.34;;;
13.12;0.2496;1709.91;;;
14.31;0.2506;1701.84;;;
14.08;0.2502;1697.42;;;
14.01;0.2476;1692.77;;;
14.06;0.2481;1698.67;;;
15.46;0.24835;1691.75;;;
16.60;0.24885;1681.55;;;
15.54;0.24585;1695.00;;;
16.60;0.24435;1693.87;;;
17.67;0.24285;1678.66;;;
16.74;0.24285;1690.50;;;
19.41;0.24335;1676.12;;;
20.34;0.2436;1655.45;;;
19.60;0.2456;1656.40;;;
16.48;0.2431;1692.56;;;
15.72;0.2436;1703.20;;;
16.07;0.2458;1710.14;;;
18.66;0.24355;1698.06;;;
14.71;0.24605;1721.54;;;
13.48;0.24205;1733.15;;;
13.04;0.24055;1744.50;;;
13.16;0.2386;1744.66;;;
13.33;0.23835;1754.67;;;
13.42;0.23835;1746.38;;;
13.20;0.2381;1752.07;;;
13.09;0.23685;1759.77;;;
13.31;0.23585;1762.11;;;
13.41;0.23745;1771.95;;;
13.65;0.2419;1763.31;;;
13.75;0.242;1756.54;;;
13.28;0.23775;1761.64;;;
12.93;0.2381;1767.93;;;
13.27;0.2377;1762.97;;;
12.68;0.23865;1770.49;;;
13.91;0.2389;1747.15;;;
12.90;0.2394;1770.61;;;
12.53;0.23925;1771.89;;;
12.82;0.23925;1767.69;;;
12.52;0.2406;1782.00;;;
12.37;0.23845;1790.62;;;
12.19;0.2381;1798.18;;;
13.10;0.23735;1791.53;;;
13.42;0.2391;1787.87;;;
13.40;0.2381;1781.37;;;
12.66;0.2376;1795.85;;;
12.26;0.2366;1804.76;;;
12.79;0.23585;1802.48;;;
12.81;0.2366;1802.75;;;
12.98;0.2376;1807.23;;;
13.70;0.2391;1805.81;;;
14.23;0.23885;1800.90;;;
14.55;0.2413;1795.15;;;
14.70;0.24185;1792.81;;;
15.08;0.2416;1785.03;;;
13.79;0.24085;1805.09;;;
13.49;0.2426;1808.37;;;
13.91;0.24185;1802.62;;;
15.35;0.24385;1782.22;;;
15.54;0.24285;1775.50;;;
15.76;0.24385;1775.32;;;
16.03;0.24285;1786.54;;;
16.21;0.24435;1781.00;;;
13.80;0.2451;1810.65;;;
14.15;0.24585;1809.60;;;
13.79;0.24835;1818.32;;;
13.04;0.24585;1827.99;;;
12.48;0.24685;1833.32;;;
12.33;0.24685;1842.02;;;
12.46;0.2466;1841.40;;;
13.56;0.2466;1841.07;;;
13.72;0.2461;1848.36;;;
14.23;0.24285;1831.98;;;
13.76;0.23985;1831.37;;;
13.55;0.23935;1826.77;;;
12.92;0.2421;1837.88;;;
12.87;0.2404;1837.49;;;
12.89;0.24165;1838.13;;;
12.14;0.24165;1842.37;;;
13.28;0.2389;1819.20;;;
12.28;0.23675;1838.88;;;
12.28;0.23785;1848.38;;;
12.53;0.23635;1845.89;;;
12.44;0.2366;1838.70;;;
12.87;0.2366;1843.80;;;
12.84;0.2371;1844.86;;;
13.77;0.2386;1828.46;;;
17.88;0.23535;1790.29;;;
17.42;0.2361;1781.56;;;
15.80;0.2361;1792.50;;;
17.35;0.2356;1774.20;;;
17.29;0.2376;1794.19;;;
18.41;0.2366;1782.59;;;
21.44;0.2356;1741.89;;;
19.11;0.23645;1755.20;;;
19.95;0.23635;1751.64;;;
17.23;0.23685;1773.43;;;
15.31;0.23385;1797.02;;;
15.26;0.23385;1799.84;;;
14.51;0.2366;1819.75;;;
14.30;0.2361;1819.26;;;
14.14;0.23585;1829.83;;;
13.57;0.23585;1838.63;;;
13.87;0.23455;1840.76;;;
15.50;0.2336;1828.75;;;
14.79;0.2356;1839.78;;;
14.68;0.23485;1836.25;;;
14.23;0.23435;1847.61;;;
13.67;0.2336;1845.12;;;
14.35;0.2333;1845.16;;;
14.04;0.2361;1854.29;;;
14.00;0.23565;1859.45;;;
16.00;0.23565;1845.73;;;
14.10;0.23535;1873.91;;;
13.89;0.2344;1873.81;;;
14.21;0.2351;1877.03;;;
14.11;0.23565;1878.04;;;
14.20;0.23435;1877.17;;;
14.80;0.2333;1867.63;;;
14.47;0.2341;1868.20;;;
16.22;0.23335;1846.34;;;
17.82;0.23485;1841.13;;;
15.64;0.23445;1858.83;;;
14.52;0.23485;1872.25;;;
15.12;0.23385;1860.77;;;
14.52;0.2336;1872.01;;;
15.00;0.23285;1866.52;;;
15.09;0.2351;1857.44;;;
14.02;0.23435;1865.62;;;
14.93;0.23335;1852.56;;;
14.62;0.2336;1849.04;;;
14.41;0.23335;1857.62;;;
13.88;0.2306;1872.34;;;
13.10;0.2281;1885.52;;;
13.09;0.2301;1890.90;;;
13.37;0.23035;1888.77;;;
13.96;0.2296;1865.09;;;
15.57;0.22935;1845.04;;;
14.89;0.2273;1851.96;;;
13.82;0.22755;1872.18;;;
15.89;0.22705;1833.08;;;
17.03;0.22645;1815.69;;;
16.18;0.22865;1830.61;;;
15.61;0.22635;1842.98;;;
14.18;0.22785;1862.31;;;
13.36;0.22585;1864.85;;;
13.25;0.22585;1871.89;;;
13.19;0.2286;1879.55;;;
13.27;0.22875;1875.39;;;
13.32;0.22785;1878.61;;;
14.06;0.2266;1863.40;;;
13.97;0.22485;1869.43;;;
13.71;0.22535;1878.33;;;
13.41;0.22335;1883.95;;;
13.25;0.22285;1883.68;;;
12.91;0.22285;1881.14;;;
13.29;0.22285;1884.66;;;
13.80;0.22485;1867.72;;;
13.40;0.22395;1878.21;;;
13.43;0.22335;1875.63;;;
12.92;0.2241;1878.48;;;
12.23;0.2251;1896.65;;;
12.13;0.22385;1897.45;;;
12.17;0.22535;1888.53;;;
13.17;0.22585;1870.85;;;
12.44;0.2286;1877.86;;;
12.42;0.22695;1885.08;;;
12.96;0.2281;1872.83;;;
11.91;0.22735;1888.03;;;
12.03;0.22715;1892.49;;;
11.36;0.22935;1900.53;;;
11.51;0.22985;1911.91;;;
11.68;0.2276;1909.78;;;
11.57;0.22735;1920.03;;;
11.40;0.2274;1923.57;;;
11.58;0.22715;1924.97;;;
11.87;0.2274;1924.24;;;
12.08;0.2295;1927.88;;;
11.68;0.2306;1940.46;;;
10.73;0.2296;1949.44;;;
11.15;0.23055;1951.27;;;
10.99;0.2303;1950.79;;;
11.60;0.2298;1943.89;;;
12.56;0.2306;1930.11;;;
12.18;0.2321;1936.16;;;
12.65;0.2306;1937.78;;;
12.06;0.231;1941.99;;;
10.61;0.231;1956.98;;;
10.62;0.2296;1959.48;;;
10.85;0.2306;1962.87;;;
10.98;0.2326;1962.61;;;
12.13;0.2336;1949.98;;;
11.59;0.23385;1959.53;;;
11.63;0.2341;1957.22;;;
11.26;0.2346;1960.96;;;
11.57;0.2307;1960.23;;;
11.15;0.2318;1973.32;;;
10.82;0.2346;1974.62;;;
10.32;0.2321;1985.44;;;
11.33;0.2341;1977.65;;;
11.98;0.2336;1963.71;;;
11.65;0.2341;1972.83;;;
12.59;0.2336;1964.68;;;
12.08;0.2336;1967.57;;;
11.82;0.2326;1977.10;;;
11.96;0.2331;1973.28;;;
11.00;0.2336;1981.57;;;
14.54;0.2336;1958.12;;;
12.06;0.2316;1978.22;;;
12.81;0.2331;1973.63;;;
12.24;0.2326;1983.53;;;
11.52;0.2341;1987.01;;;
11.84;0.2351;1987.98;;;
12.69;0.2341;1978.34;;;
12.56;0.2361;1978.91;;;
13.28;0.2371;1969.95;;;
13.33;0.2396;1970.07;;;
16.95;0.2391;1930.67;;;
17.03;0.2381;1925.15;;;
15.12;0.2371;1938.99;;;
16.87;0.2371;1920.21;;;
16.37;0.2342;1920.24;;;
16.66;0.2331;1909.57;;;
15.77;0.2351;1931.59;;;
14.23;0.2338;1936.92;;;
14.13;0.2331;1933.75;;;
12.90;0.2336;1946.72;;;
12.42;0.2311;1955.18;;;
13.15;0.2321;1955.06;;;
12.32;0.2321;1971.74;;;
12.21;0.2344;1981.60;;;
11.78;0.2349;1986.51;;;
11.76;0.2349;1992.37;;;
11.47;0.2384;1988.40;;;
11.70;0.2384;1997.92;;;
11.63;0.2381;2000.02;;;
11.78;0.2346;2000.12;;;
12.05;0.2336;1996.74;;;
12.09;0.2336;2003.37;;;
12.25;0.2331;2002.28;;;
12.36;0.2341;2000.72;;;
12.64;0.2331;1997.65;;;
12.09;0.2323;2007.71;;;
12.66;0.2336;2001.54;;;
13.50;0.2346;1988.44;;;
12.88;0.2346;1995.69;;;
12.80;0.2341;1997.45;;;
13.31;0.2346;1985.54;;;
14.12;0.2346;1984.13;;;
12.73;0.2344;1998.98;;;
12.65;0.2341;2001.57;;;
12.03;0.2331;2011.36;;;
12.11;0.2331;2010.40;;;
13.69;0.2356;1994.29;;;
14.93;0.2341;1982.77;;;
13.27;0.2351;1998.30;;;
15.64;0.2336;1965.99;;;
14.85;0.2331;1982.85;;;
15.98;0.2351;1977.80;;;
16.31;0.2351;1972.29;;;
16.71;0.2326;1946.16;;;
16.16;0.2312;1946.17;;;
14.55;0.2316;1967.90;;;
15.46;0.2326;1964.82;;;
17.20;0.2311;1935.10;;;
15.11;0.2291;1968.89;;;
18.76;0.2291;1928.21;;;
21.24;0.23;1906.13;;;
24.64;0.2306;1874.74;;;
22.79;0.2291;1877.70;;;
25.27;0.2281;1862.49;;;
25.20;0.23075;1862.76;;;
21.99;0.23135;1886.76;;;
18.57;0.2321;1904.01;;;
16.08;0.2306;1941.28;;;
17.87;0.2328;1927.11;;;
16.53;0.2336;1950.82;;;
16.11;0.2331;1964.58;;;
16.04;0.2326;1961.63;;;
14.39;0.2326;1985.05;;;
15.15;0.2326;1982.30;;;
14.52;0.23235;1994.65;;;
14.03;0.2321;2018.05;;;
14.73;0.23235;2017.81;;;
14.89;0.23185;2012.10;;;
14.17;0.23185;2023.57;;;
13.67;0.2316;2031.21;;;
13.12;0.2326;2031.92;;;
12.67;0.2331;2038.26;;;
12.92;0.2332;2039.68;;;
13.02;0.2332;2038.25;;;
13.79;0.2321;2039.33;;;
13.31;0.2321;2039.82;;;
13.99;0.23185;2041.32;;;
13.86;0.23185;2051.80;;;
13.96;0.2311;2048.72;;;
13.58;0.2329;2052.75;;;
12.90;0.23285;2063.50;;;
12.62;0.23435;2069.41;;;
12.25;0.2356;2067.03;;;
12.07;0.2356;2072.83;;;
13.33;0.2336;2067.56;;;
14.16;0.2346;2053.44;;;
12.85;0.2346;2066.55;;;
12.50;0.23485;2074.33;;;
12.38;0.23535;2071.92;;;
11.89;0.2356;2075.37;;;
14.21;0.2376;2060.31;;;
15.35;0.23885;2059.82;;;
18.53;0.2399;2026.14;;;
20.08;0.2406;2035.33;;;
21.08;0.24285;2002.33;;;
20.42;0.2426;1989.63;;;
23.57;0.2426;1972.74;;;
19.44;0.24535;2012.89;;;
16.81;0.2471;2061.23;;;
16.49;0.2521;2070.65;;;
15.25;0.2551;2078.54;;;
14.80;0.2546;2082.17;;;
14.37;0.2566;2081.88;;;
14.50;0.2566;2088.77;;;
15.06;0.2551;2090.57;;;
15.92;0.2552;2080.35;;;
19.20;0.2556;2058.90;;;
;;;;;
;;;;;
;;;;;
;;;;;
;;;;;
;;;;;
;;;;;
;;;;;
;;;;;
;;;;;
;;;;;
;;;;;
;;;;;
;;;;;
;;;;;
;;;;;
;;;;;
;;;;;
;;;;;
;;;;;
;;;;;
;;;;;
;;;;;
;;;;;
;;;;;
;;;;;
;;;;;
;;;;;
;;;;;
;;;;;
;;;;;
;;;;;
;;;;;
;;;;;
;;;;;
;;;;;
;;;;;
;;;;;
;;;;;
;;;;;
;;;;;
;;;;;
;;;;;
;;;;;
;;;;;
;;;;;
;;;;;
;;;;;
;;;;;
;;;;;
;;;;;
;;;;;
;;;;;
;;;;;
;;;;;
;;;;;
;;;;;
;;;;;
;;;;;
;;;;;
;;;;;
;;;;;
;;;;;
;;;;;
;;;;;
;;;;;
;;;;;
;;;;;
;;;;;
;;;;;
;;;;;
;;;;;
;;;;;
;;;;;
;;;;;
;;;;;
;;;;;
;;;;;
;;;;;
;;;;;
;;;;;
;;;;;
;;;;;
;;;;;
;;;;;
;;;;;
;;;;;
;;;;;
;;;;;
;;;;;
;;;;;
;;;;;
;;;;;
;;;;;
;;;;;
;;;;;
;;;;;
;;;;;
;;;;;
;;;;;
;;;;;
;;;;;
;;;;;
;;;;;
;;;;;
;;;;;
;;;;;
;;;;;
;;;;;
;;;;;
;;;;;
;;;;;
;;;;;
;;;;;
;;;;;
;;;;;
;;;;;
;;;;;
;;;;;
;;;;;
;;;;;
;;;;;
;;;;;
;;;;;
;;;;;
;;;;;
;;;;;
;;;;;
;;;;;
;;;;;
;;;;;
;;;;;
;;;;;
;;;;;
;;;;;
;;;;;
;;;;;
;;;;;
;;;;;
